-- phpMyAdmin SQL Dump
-- version 5.2.1
-- https://www.phpmyadmin.net/
--
-- Servidor: 127.0.0.1
-- Tiempo de generación: 06-06-2025 a las 12:40:11
-- Versión del servidor: 10.4.32-MariaDB
-- Versión de PHP: 8.0.30

SET SQL_MODE = "NO_AUTO_VALUE_ON_ZERO";
START TRANSACTION;
SET time_zone = "+00:00";


/*!40101 SET @OLD_CHARACTER_SET_CLIENT=@@CHARACTER_SET_CLIENT */;
/*!40101 SET @OLD_CHARACTER_SET_RESULTS=@@CHARACTER_SET_RESULTS */;
/*!40101 SET @OLD_COLLATION_CONNECTION=@@COLLATION_CONNECTION */;
/*!40101 SET NAMES utf8mb4 */;

--
-- Base de datos: `registro_llaves`
--

-- --------------------------------------------------------

--
-- Estructura de tabla para la tabla `firmas_llaves`
--

CREATE TABLE `firmas_llaves` (
  `id_firma` int(11) NOT NULL,
  `id_movimiento` int(11) NOT NULL,
  `fichero` varchar(255) NOT NULL,
  `fecha_subida` datetime DEFAULT current_timestamp(),
  `subido_por` int(11) DEFAULT NULL
) ENGINE=InnoDB DEFAULT CHARSET=utf8mb4 COLLATE=utf8mb4_general_ci;

--
-- Volcado de datos para la tabla `firmas_llaves`
--

INSERT INTO `firmas_llaves` (`id_firma`, `id_movimiento`, `fichero`, `fecha_subida`, `subido_por`) VALUES
(3, 10, 'C:\\xampp\\htdocs\\LLAVES/firmas/movimiento_10_1748962914.pdf', '2025-06-03 17:01:54', 2),
(4, 13, 'C:\\xampp\\htdocs\\LLAVES/firmas/movimiento_13_1748966638.pdf', '2025-06-03 18:03:58', 2),
(5, 20, 'C:\\xampp\\htdocs\\LLAVES/firmas/movimiento_20_1748967400.pdf', '2025-06-03 18:16:40', 2),
(7, 22, 'C:\\xampp\\htdocs\\LLAVES/firmas/movimiento_22_1748968205.pdf', '2025-06-03 18:30:05', 2),
(8, 6, 'C:\\xampp\\htdocs\\LLAVES/firmas/movimiento_6_1748968577.pdf', '2025-06-03 18:36:17', 2),
(9, 5, 'C:\\xampp\\htdocs\\LLAVES/firmas/movimiento_5_1748968739.pdf', '2025-06-03 18:38:59', 2),
(10, 7, 'C:\\xampp\\htdocs\\LLAVES/firmas/movimiento_7_1748968865.pdf', '2025-06-03 18:41:05', 2),
(11, 12, 'C:\\xampp\\htdocs\\LLAVES/firmas/movimiento_12_1748969006.pdf', '2025-06-03 18:43:26', 2);

-- --------------------------------------------------------

--
-- Estructura de tabla para la tabla `llaves`
--

CREATE TABLE `llaves` (
  `codigo_principal` varchar(200) NOT NULL,
  `id_propietario` int(11) NOT NULL,
  `codigo_secundario` varchar(200) DEFAULT NULL,
  `direccion` varchar(255) DEFAULT NULL,
  `id_poblacion` int(11) DEFAULT NULL,
  `id_ubicacion` int(11) DEFAULT NULL,
  `fecha_recepcion` date DEFAULT NULL,
  `observaciones` text DEFAULT NULL,
  `tiene_alarma` tinyint(1) NOT NULL DEFAULT 0,
  `codigo_alarma` varchar(100) DEFAULT NULL,
  `estado` enum('entrada','salida') DEFAULT 'entrada'
) ENGINE=InnoDB DEFAULT CHARSET=utf8mb4 COLLATE=utf8mb4_general_ci;

--
-- Volcado de datos para la tabla `llaves`
--

INSERT INTO `llaves` (`codigo_principal`, `id_propietario`, `codigo_secundario`, `direccion`, `id_poblacion`, `id_ubicacion`, `fecha_recepcion`, `observaciones`, `estado`) VALUES
('0049IB00100035899', 4, '252574', 'AVDA DE ANDALUCIA 12', 51, 10, '2023-11-06', 'POR VENTA', 'salida'),
('0049IB00100038366', 4, '', 'CALLE TULIPAN 1, PL1 PU2', 12, 4, '2025-01-21', '', 'salida'),
('110193', 6, 'SAR00077248', 'CALLE ANGEL GAVINET Nº6 BJ 2', 46, 26, '2022-02-23', NULL, 'entrada'),
('114159K', 1, 'PROPIAS', 'C/SIERRA DE ALMAGRO Nº2 1º10', 71, 20, '2022-03-28', NULL, 'entrada'),
('114224K', 1, 'KG015440001 - PROPIAS', 'AV. BARCELONA 68 2ºB', 21, 22, '2022-03-28', NULL, 'entrada'),
('134535', 6, 'SAR00010602', 'CL SAN SEBASTIAN 125', 25, 23, '2022-01-24', '', 'entrada'),
('135063', 6, 'SAR00010602', 'CL SAN SEBASTIAN 15', 25, 23, '2022-01-24', '', 'entrada'),
('135741', 7, NULL, 'CALLE ANGEL GAVINET', 46, 26, '2022-11-23', NULL, 'entrada'),
('13918', 5, '8856160', 'C/ CASTILLO 3', 21, 22, '2023-03-30', NULL, 'entrada'),
('14499974', 4, NULL, 'CL.LOS HUERTOS Nº33 PL.2ºC - OLULA DEL RIO', 46, 23, '2023-03-20', NULL, 'entrada'),
('14736654', 5, NULL, 'C/ Jauca Nº1', 30, 23, '2023-05-22', NULL, 'entrada'),
('147513', 10, 'AAA00081548', 'Mulhacen 1 3 432 432', 71, 20, '2023-05-06', NULL, 'entrada'),
('147546', 1, 'AAA00159298 / AAA1414736', 'DESCONOCIDO', 69, 23, '2024-01-17', 'TUPPER NO FUNCIONAN', 'entrada'),
('1475758', 10, 'AA00023149', 'LAS HERRERIAS A PALOMARES-VI-A1', 21, 20, '2023-05-06', NULL, 'entrada'),
('14897314', 6, 'HRE00258326', 'Calle ANTONIO MACHADO, 31', 40, 36, NULL, NULL, 'entrada'),
('156881', 1, 'AAA00159296', '01 DEL ALGIT 20 B (VELEZ BLANCO)', 69, 23, '2024-01-17', 'TUPPER NO FUNCIONAN', 'entrada'),
('166170', 10, 'AAA00107716', 'Mulhacen 1 7 471 471', 71, 20, '2023-05-06', NULL, 'entrada'),
('166203', 1, 'AAA00006666', '01 DEL ALGIT 20 B (VELEZ BLANCO)', 69, 23, '2024-01-17', NULL, 'entrada'),
('17845', 5, '12979574', 'Plan Especial C U 1 Pav', 21, 22, '2024-04-30', NULL, 'entrada'),
('18079370', 5, '', 'NAVE INDUSTRIAL, POLIGONO 9 PARCELA 166 - FINES', 24, 23, '2021-11-03', '', 'entrada'),
('18126', 5, NULL, 'CUESTA DE LA VILL A N º1', 57, 23, '2025-02-19', NULL, 'entrada'),
('18346915', 5, NULL, 'La Viña,21', 40, 23, '2023-10-25', NULL, 'entrada'),
('185051', 10, 'AAA00023854', 'Mulhacen 1 4 442 442', 71, 20, '2023-05-06', NULL, 'entrada'),
('185454', 10, 'AAA000151283', 'Beninar 3 B', 8, 23, '2023-05-06', NULL, 'entrada'),
('1869455', 5, NULL, 'CALLE REAL', 27, 23, '2022-10-27', NULL, 'entrada'),
('20299614', 5, '', 'CARRETERA ALTA N 31 Pl:03 Pt:B', 46, 23, '2024-09-23', '', 'entrada'),
('203996', 1, 'AAA00006696', 'DESCONOCIDO', 69, 23, '2024-01-17', NULL, 'entrada'),
('219349', 1, 'AAA1455184', 'CALLE TIJOLA 23 2 1D', 4, 23, '2024-06-14', '', 'entrada'),
('2214', 8, '', 'ALFONSO XIII BLOQ3, Nº21 2º GINES FERNANDEZ', 28, 20, '2022-01-21', '', 'entrada'),
('24074157', 4, '248509', 'VIVIENDA C/ JAZMIN Nº 13, PL 2, PTA B - VICAR', 73, 23, '2023-12-21', NULL, 'entrada'),
('24338', 10, 'AAA00025746', 'C/ Major 181 P 7 7', 61, 26, '2023-06-26', NULL, 'entrada'),
('24994295', 5, NULL, 'FRAGUA 19', 66, 22, '2023-10-23', '1 JUEGO OFICINA, 1 JUEGO JESUS', 'entrada'),
('25064', 10, 'AAA00015382', 'c/ o´callaghan 15', 61, 26, '2023-06-26', NULL, 'entrada'),
('25628923', 4, '252930', 'LOCAL C/ NTRA. SEÑORA DEL MAR 73 BJ', 8, 23, '2025-05-14', NULL, 'entrada'),
('2730260', 7, 'SBRE-0090122', 'SALVADOR MARTINEZ LAROCA 2ºH', 70, 35, '2023-04-20', NULL, 'salida'),
('2730401', 7, 'SBRE-0090127', 'SALVADOR MARTINEZ LAROCA 2ª I', 70, 35, '2023-04-20', NULL, 'salida'),
('2730402', 7, 'SBRE-0135623', 'C/ VELAZQUEZ 15', 25, 26, '2023-04-20', NULL, 'entrada'),
('2738110', 7, 'SBRE-0090152', 'SALVADOR MARTINEZ LAROCA 1º I', 70, 35, '2023-04-15', NULL, 'salida'),
('2745949', 7, 'SBRE-0090123', 'SALVADOR MARTINEZ LAROCA 2º G', 70, 35, '2023-04-20', NULL, 'salida'),
('2757392', 7, 'SBRE-0090128', 'SALVADOR MARTINEZ LAROCA 1º C', 70, 35, '2023-04-20', NULL, 'salida'),
('28707342', 1, NULL, 'C/ DAVID DE LA CAÑADA, 8, 1A', 8, 23, '2021-03-09', NULL, 'entrada'),
('28727832', 1, '', 'UR COLLADOS ZIESCHANG, LOS 13 Es:1 Pl:01 Pt:A1 (3 LLAVES, UNA DE ELLAS COPIA)', 2, 21, NULL, 'DEVOLUCION 21/12/2021', 'entrada'),
('29000705', 2, NULL, 'CALLE DALÍ Nº1', 24, 23, '2022-05-17', 'VENDIDO', 'entrada'),
('29000918', 2, NULL, 'CASA EN SANTA BARBARA, Nº 25', 32, 26, '2021-05-31', 'JOSE ALFA DESHOMOLOGACION', 'entrada'),
('29001372', 2, NULL, 'CR LOS GALLARDOS BEDAR VIVIENDA 7', 36, 20, '2022-09-27', 'VENDIDO', 'entrada'),
('29001405-PROPIAS', 2, '', 'C/REY JUAN CARLOS 1ºA', 24, 26, '2022-01-22', 'VENDIDO', 'entrada'),
('29001406-PROPIAS', 2, '', 'C/REY JUAN CARLOS 1ºD', 24, 26, '2022-01-22', 'VENDIDO', 'entrada'),
('29001407', 2, NULL, 'CALLE REY JUAN CARLOS, 1ºE', 24, 26, '2021-07-06', 'VENDIDO', 'entrada'),
('29001408-PROPIAS', 2, '', 'C/REY JUAN CARLOS 2ºA', 24, 26, '2022-01-22', 'VENDIDO', 'entrada'),
('29001409', 2, NULL, 'CALLE REY JUAN CARLOS , 2º B', 24, 26, '2021-07-06', 'VENDIDO', 'entrada'),
('29001410', 2, NULL, 'CALLE REY JUAN CARLOS, 2ºC', 24, 26, '2021-07-06', 'VENDIDO', 'entrada'),
('29001411', 2, NULL, 'CALLE REY JUAN CARLOS, 2ºD', 24, 26, '2021-07-06', 'VENDIDO', 'entrada'),
('29001412-PROPIAS', 2, '', 'C/REY JUAN CARLOS 2ºF', 24, 26, '2022-01-22', 'VENDIDO', 'entrada'),
('29002190', 2, NULL, 'CALLE SANTA CRUZ Nº16', 4, 23, '2023-08-26', 'VENDIDO', 'entrada'),
('29273705', 1, NULL, 'C/NAVARRO SERNA Nº24', 39, 23, '2022-12-29', NULL, 'entrada'),
('30000400', 2, NULL, 'c/ Miguel Vizcaino', 75, 23, '2023-06-15', 'JOSE ALFA DESHOMOLOGACION', 'entrada'),
('30000517 / 30000518', 2, 'PROPIAS', 'LOCAL CALLE MOLINICO', 21, 26, '2022-04-19', 'VENDIDO', 'entrada'),
('34561409', 4, NULL, 'C/LA VENTA , GUAZAMARA', 21, 28, '2022-12-29', NULL, 'entrada'),
('34608160', 1, NULL, 'CALLE MEDINA AZAHARA 1 ESC 1 2B', 71, 20, '2022-07-15', NULL, 'entrada'),
('35177', 5, 'L012038298', 'C/ ALFONSO XIII Nº3 BAJO B - TRASTERO 2', 28, 20, '2023-03-30', NULL, 'entrada'),
('35795380', 1, NULL, 'ADOSADO,CL.VIENA 46', 44, 23, '2023-05-19', NULL, 'entrada'),
('3685', 8, '', 'HOTEL ANTAS', 9, 26, '2022-01-21', '', 'entrada'),
('37386209', 1, NULL, 'CASA RURAL, CAMINO LA NORIA PARCELA 67 POLIGONO 144 - LORCA', 35, 21, '2022-01-26', 'DEVOLUCION 01/02/2022', 'entrada'),
('379015', 1, 'AAA00001151', 'PLAZA ESPAÑA Nº2 2º PTA 10', 71, 4, '2024-06-13', '', 'salida'),
('379128', 1, 'AAA00000164', 'CALLE BARTOLOME CASAS 44 ESC E 1ºC', 54, 35, '2024-06-13', '', 'salida'),
('38195317', 1, NULL, 'GARAJE C/ EL CENSOR Nº2-4-6, Nº 4, PL.-1 PZ. 3', 21, 20, NULL, NULL, 'entrada'),
('38210117', 1, '213034', 'LOCAL COM AVDA DE LA VIÑA ESC 20 PL BJ PTA 2', 40, 25, '2023-05-04', NULL, 'entrada'),
('38523614', 1, '', 'CALLE ORTEGA Y GASSET, Nº 22, 2ºB', 2, 21, NULL, NULL, 'entrada'),
('39299165', 1, NULL, 'CALLE AGUA BUENA, Nº 16', 66, 20, '2021-03-23', NULL, 'entrada'),
('39800823', 1, NULL, 'CALLE CELIA VIÑAS Nº1 BAJO C', 71, 22, '2023-03-20', NULL, 'entrada'),
('4023', 8, '', 'DESERT SPRINGS', 21, 26, '2022-01-21', '', 'entrada'),
('40476228', 4, '40476228', 'VIVIENDA C/ DIVINA INFANTITA Nº 19, PL 1, PTA A - EL EJIDO', 23, 4, '2024-06-17', '', 'salida'),
('40506593', 1, '270290', 'C/ CORONA NORUEGA S/N POLIG', 44, 4, '2023-05-09', NULL, 'salida'),
('40520110', 1, NULL, 'NAVE INDUSTRIAL CALLE CORONA NORUEGA Nº5', 44, 23, '2022-01-31', 'DEVOLUCIÓN 19/03/2022', 'entrada'),
('40976013', 1, NULL, 'CL SAN FCO JAVIER (PAL) Es:E Pl:01 Pt:E', 21, 20, NULL, 'DEVOLUCION 31/01/2022', 'entrada'),
('41171683 - PROPIAS', 1, NULL, 'CHALET,CL.LOS SERENOS PARCELA 10 S/N-HUERCAL-OVERA', 32, 5, '2022-03-01', NULL, 'entrada'),
('4232', 9, '', 'SUBIDA DE LA MARINA 6', 28, 22, '2024-06-27', '', 'entrada'),
('42347480', 1, NULL, 'PISO CALLE LOS PUNTOS 81 2º', 21, 20, '2022-07-27', NULL, 'entrada'),
('42354540', 1, '', 'PLAZA DE GARAJE PL BAJA EN CARRETERA DE BUENAVISTA S/N', 54, 4, '2021-04-04', '', 'salida'),
('42375791', 1, NULL, 'PISO 1º C BLOQ.1 EN C/ CELIA VIÑAS EDIF. LOS PATIOS I CON AN.', 71, 4, NULL, 'DEVOLUCION 19/05', 'salida'),
('42510862', 1, NULL, 'PISO URB. AL-PARATA, C/ AGATA 2, BLQ 2, PL 3 PT A18', 42, 23, '2022-08-30', NULL, 'entrada'),
('42938375', 1, NULL, 'PISO, CTRA. BALLABONA ESQ. C/MARTINETE Nº2, 2ºG-C. ALMANZORA', 21, 22, '2023-12-15', '1 LLAVERO PROPIO', 'entrada'),
('43305886', 1, NULL, 'PISO BAJO E, EN C/ ANTAS Nº 1, EDIF GAUDI', 21, 20, '2023-08-17', NULL, 'entrada'),
('43477349', 1, NULL, 'PISO CON ANEJO PLAZA APARCAMIENTO Nº 12 FR. 4.', 28, 4, '2022-01-31', '1 COPIA PROPIA ISA', 'salida'),
('43913322', 1, '', 'VIVIENDA DUPLEX VPO CON ANEJO PLAZA DE GARAJE CALLE COSTA RICA', 44, 23, '2021-08-11', 'DEVOLUCIÓN', 'entrada'),
('43980760', 4, NULL, 'LOCAL,C/CALAR ALTO N§ 8 LC.9 PL.BJ EDIF.ESCORPIO I', 8, 4, '2023-11-23', NULL, 'salida'),
('44042642', 1, NULL, 'CALLE SANTA ROSA Nº14', 8, 4, '2022-05-23', NULL, 'salida'),
('44295712', 1, '', 'DESERT STRING', 21, 26, '2021-12-30', 'DEVOLUCION 17/01/2022', 'entrada'),
('44459661', 1, '', 'VIVIENDA C/ CALIFATO,1 BQ 21 VIV 28 MOJACAR', 42, 23, '2021-12-16', '', 'entrada'),
('4447-1', 1, '', 'CL FEDERICO GARCIA LORCA 36 Es:1 Pl:01 Pt:12', 2, 21, NULL, NULL, 'entrada'),
('44677820', 1, NULL, 'CHALET ADO AVDA CIUDAD DE LORCA Nº 3 ESC 7 PL BJ PTA 69 VERA', 71, 20, '2022-04-18', NULL, 'entrada'),
('44681484', 4, '', 'AVDA ANDALUCIA Nº30, PL -1, PLAZA 7', 46, 4, '2025-04-08', '', 'salida'),
('44681500', 4, '', 'AVDA ANDALUCIA Nº30, PL -1, PLAZA 8', 46, 23, '2025-01-10', '', 'entrada'),
('45499174', 1, NULL, 'VIVIENDA CL GUILLERMO SIMONELLI 26 ESC 2 2-C ZURGENA', 75, 23, '2022-03-15', 'DEVOLUCIÓN 21/03/2022', 'entrada'),
('4698', 8, 'PARTICULAR', 'Calle Francisco Pizrro nº8 2ºC', 28, 22, '2023-11-13', NULL, 'entrada'),
('47423493', 1, NULL, 'C/ FELIX RODRIUEZ DE LA FUENTE 5, 1ºB', 28, 20, NULL, NULL, 'entrada'),
('4756', 9, 'PROPIAS', 'EL CALON', 21, 22, '2024-02-08', '', 'entrada'),
('47581', 10, 'AA00107936', 'Barcelona 60 2 E E', 21, 23, '2023-05-06', NULL, 'entrada'),
('4792', 9, 'PROPIAS', 'DESCONOCIDO', 21, 22, '2024-02-08', 'ALISEDA VARIOS', 'entrada'),
('48125913', 1, NULL, 'C/CICERON Nº3 PL BJ PTA A', 28, 26, '2022-10-20', NULL, 'entrada'),
('48175822', 1, NULL, 'CL BLAS INFANTE 17 Es:A Pl:02 Pt:A1', 21, 16, '2023-08-02', NULL, 'salida'),
('48178766', 1, NULL, 'PISO AVDA DE ALMERIA Nº 55, PL 1, PTA 13.', 66, 22, '2021-03-23', NULL, 'entrada'),
('48487166', 1, NULL, 'LOCAL COM C/GENERAL SALIQUET Nº2, PL BAJA PTA 1, TRES VILLAS', 65, 23, '2022-03-29', 'DEVOLUCION 05/04/2022', 'entrada'),
('48533449', 1, NULL, 'NAVE INDUSTRIAL, C/ALMENDRO, 4', 31, 25, '2022-09-01', NULL, 'entrada'),
('49030989', 1, NULL, 'C/ FAISAN Nº11 PL 1 PTA J', 71, 20, NULL, NULL, 'entrada'),
('49055991', 6, 'AAA00107432 / AAA00441527', 'CASA, CALLE OLILA 41 - FIÑANA', 25, 4, '2024-07-12', '', 'salida'),
('49285102', 1, NULL, 'PISO C/ ERICA LA PIEDAD Nº 15 PL 2 PZ I', 21, 22, '2024-01-17', NULL, 'entrada'),
('49359115', 1, '', 'CASA C/ CANALEJAS Nº9, BAJO, PTA B, GALLARDOS', 36, 20, '2021-09-27', '', 'entrada'),
('49396255', 1, NULL, 'PISO,AVDA.VEINTIOCHO FEB 71(CARTEL PORTAL Nº77)2ºB.', 12, 4, '2021-04-04', 'DEVOLUCION 08/07', 'salida'),
('49503728', 1, NULL, 'NAVE IND PARAJE CAMPILLO Y LIZARAN S/N VELEZ RUBIO', 70, 26, '2023-01-31', NULL, 'entrada'),
('49533018', 1, '47165', 'SUELOS NUEVOS C/ SEVILLA Nº 13', 31, 4, '2023-05-04', NULL, 'salida'),
('4978', 9, '', 'CALLE SAN FRANCISCO Nº10', 48, 22, '2024-06-10', 'CAMBIO CUSTODIO', 'entrada'),
('49858562', 1, NULL, 'CALLE NUEVO LANCE 3º PTA22', 42, 23, '2023-02-16', NULL, 'entrada'),
('49858582', 1, NULL, 'DESCONOCIDO', 32, 36, '2024-01-01', NULL, 'entrada'),
('5061', 9, '', 'CALLE PASEO RAMBLA 43 2ºIZQ', 66, 22, '2024-11-11', 'CAMBIO CUSTODIO', 'entrada'),
('50914339', 1, 'AAA00000309 / AAA00503385', 'CALLE JOSE BARRANCO CALLE ALFARERIA 9, ESC E 1º6', 21, 4, '2024-10-30', '1 COPIA PARA PEDRO SOTO', 'salida'),
('51027383', 4, '', 'URB. PUEBLO LAGUNA EDF.6A 1º1', 71, 28, NULL, '', 'entrada'),
('51175172', 1, NULL, 'PISO,CL.EL HUERTO Nº1 PL.1º Y PL.BC PTA.202 - MOJACAR', 42, 23, '2022-03-23', 'Agustina - DEVOLUCION 10/08/2022', 'entrada'),
('51193135', 1, '', 'AP,CL.SOTAVENTO (PR) 2 3-10 BLQ. B CJTO.COSTA REY -VERA', 71, 20, '2021-11-09', 'DEVOLUCION 31/01/2022', 'entrada'),
('5128', 9, 'PROPIETARIO SALOMÓN', 'CALLE ANTONIO MACHADO Nº6 BAJO C', 66, 26, '2025-02-10', '', 'entrada'),
('51333547', 1, 'AAA00101102', 'CALLE JADE 36 3º8', 42, 23, '2024-05-27', '', 'entrada'),
('51333552', 1, 'AAA00095134', 'CALLE JADE 36 3º9', 42, 23, '2024-05-27', 'CAMBIO CUSTODIO', 'entrada'),
('51333562', 1, 'AAA00101108', 'PISO,C/JADE Nº36 1º PTA10 - MOJACAR', 42, 23, '2024-05-21', 'PROPIAS', 'entrada'),
('51371190', 1, '', 'CALLE EL CENSOR 3 1ºB', 21, 22, '2024-05-02', '', 'entrada'),
('51371223', 1, NULL, 'GARAJE C/ EL CENSOR Nº 8, PLANTA -1, PZ. 14', 21, 20, NULL, NULL, 'entrada'),
('51384741', 1, NULL, 'APARTAMENTO, C/ SOTAVENTO 2, BQ B, 2º 2-3', 71, 20, NULL, NULL, 'entrada'),
('51437674', 1, NULL, 'LOCAL COM C/ MURCIA Nº 2 PL BJ PTA 2', 8, 23, '2021-06-24', 'custodio - 29/4/2021', 'entrada'),
('51506699', 1, NULL, 'CL ERICA DE LA PIEDAD 15 Es:E Pl:00 Pt:06 RES BAJO', 21, 20, NULL, NULL, 'entrada'),
('5155182', 5, NULL, 'Mediterraneo 6', 53, 23, '2023-10-26', NULL, 'entrada'),
('51658023', 1, NULL, 'VIVIENDA, C/ERICA DE LA PIEDAD, Nº 15, 2 J', 21, 20, NULL, NULL, 'entrada'),
('5180', 9, 'ALMUDENA', 'VERAMAR 5 AP 186', 71, 22, '2025-04-08', NULL, 'entrada'),
('51916706', 1, NULL, 'PLAZA SAN COSME', 72, 4, '2023-07-20', '617335601', 'salida'),
('51995855', 1, NULL, 'SUELO, CON EDIFICACION CRTA.DE ALBANCHEZ-CANTORA - ALBANCHEZ', 3, 23, '2023-05-17', NULL, 'entrada'),
('52101694', 1, '', 'CL MINERVA 1', 8, 23, NULL, NULL, 'entrada'),
('52182889', 1, '148508', 'CHALET PRJE EL PEÑON Nº999', 42, 20, '2023-05-02', NULL, 'entrada'),
('52385026', 1, 'PROPIAS', 'VILLARICOS', 74, 22, '2024-05-02', '', 'entrada'),
('52404030', 1, '', 'APARTAMENTO, C/ SOTAVENTO 2, BQ B, 4º 304 - VERA', 71, 20, '2021-11-09', '', 'entrada'),
('52407751', 1, '', 'CL FREDDIE MERCURY, 54A.', 8, 4, NULL, NULL, 'salida'),
('52412287', 1, NULL, 'CHALET ADOSADO C/ TEJAR Nº 14, SAN ISIDRO', 44, 35, '2022-08-19', NULL, 'salida'),
('52421945', 1, '', 'LOCAL COM C/ DEL MAR S/Nº PL -1 PTA 7', 42, 4, '2023-10-05', '', 'salida'),
('52422110', 1, NULL, 'VIVIENDA CL MELCHOR BALLESTA, 20', 32, 26, '2022-09-01', NULL, 'entrada'),
('52422339', 1, NULL, 'Mirador de la marina 2 6ºG', 42, 4, '2022-12-23', 'Nos quedamos con una copia', 'salida'),
('52429200', 1, '', 'APARTAMENTO, C/ SOTAVENTO 2, ESC 2, 4º 320 - VERA', 71, 20, '2021-11-09', '', 'entrada'),
('52432402', 1, NULL, 'DE GARRUCHA A VILLARIACOS (URB.VERA COLINA)', 71, 20, '2023-10-16', NULL, 'entrada'),
('52434753', 1, 'AAA00097106', 'CALLE ADELFA Nº5, EDF. GRAN EJIDO', 23, 26, '2024-06-14', '', 'entrada'),
('52435880', 1, '', 'LOCAL COM C/ MADRE DE DIOS Nº 7 PL BJ', 2, 21, NULL, 'DEVOLUCION 23/12/2021', 'entrada'),
('52441113', 1, NULL, 'LOCAL COM C/ CARRETERA Nº 150 PL 1 PTA I', 32, 4, '2022-09-01', NULL, 'salida'),
('52444102', 1, '', 'NAVE LG.SITIO DE LAS MORATAS - CUEVAS DE ALMANZORA', 21, 23, '2021-09-14', 'DEVOLUCION 28/01/2022', 'entrada'),
('52449165', 1, NULL, 'GUTIERREZ MELLADO Nº 2 piso 2 puerta B', 46, 4, '2023-04-14', NULL, 'salida'),
('52590519', 1, NULL, 'CA, C/ ANDALUCÍA 9, PARCELA 7 - LUCAINENA DE LAS TORRES', 38, 23, '2022-03-23', 'DEVOLUCIÓN 19/03/2022', 'entrada'),
('52590520', 1, NULL, 'C/ ANDALUCIA 7, PARCELA 4', 38, 23, '2022-03-15', NULL, 'entrada'),
('52590521', 1, NULL, 'CALLE ANDALUCIA 9, PARCELA 5', 38, 4, '2021-03-23', NULL, 'salida'),
('52590522', 1, NULL, 'CA, C/ ANDALUCÍA 11, PARCELA 6 - LUCAINENA DE LAS TORRES', 38, 23, '2022-03-23', NULL, 'entrada'),
('52638393', 4, NULL, 'URB. LOS GERANEOS, Nº 7, PTA A-AGUILAS', 2, 21, '2023-02-03', NULL, 'entrada'),
('52638394', 1, '', 'CHALET ADOSADO, C/ URBANIZACION LOS GERANEOS Nº 33', 2, 21, NULL, NULL, 'entrada'),
('52717543', 1, '', 'APTO,AV.ALHAMBRA,RES.LOMAS DEL MAR II BQ.C ESC.5 BJºA-VERA', 71, 20, '2021-11-05', '', 'entrada'),
('52717546', 1, '', 'APTO,AV.ALHAMBRA,RES.LOMAS DEL MAR II BQ.E ESC.4 2ºA-VERA', 71, 20, '2021-09-14', 'DEVOLUCION 31/01/2022', 'entrada'),
('52718337', 1, NULL, 'NAVE INDUSTRIAL PARAJE LOS CALLEJONES - C/EL NARANJO 12', 31, 23, '2023-08-23', NULL, 'entrada'),
('52854588', 1, NULL, 'DUPLEX VIV.1,POLIG.17,PARC.151,ALANCHETE', 21, 20, '2021-06-16', NULL, 'entrada'),
('52855058', 1, NULL, 'VIVIENDA PASAJE RES. LORENA 2, BJ-B CUEVAS DEL ALMANZO', 21, 20, '2022-04-22', NULL, 'entrada'),
('52856184', 1, '50376', 'C/ LAS COPAS,8 2 PTA A2 FINES', 24, 23, '2024-04-10', 'CAMBIO CUSTODIO', 'entrada'),
('52859940', 1, NULL, 'C/ EL MORRO, 20 1A CUEVAS DEL ALMANZORA', 21, 22, '2024-03-15', NULL, 'entrada'),
('52877545', 1, NULL, 'CALLE ERICA DE LA PIEDAD Nº15 3ºD', 21, 4, '2022-05-17', 'HACEMOS COPIA DE LA LLAVE Y SE LA DAMOS A ISA 21/11/2022', 'salida'),
('52881466', 1, NULL, 'C/ REPÚBLICA ARGENTINA., 10 3A', 27, 23, '2021-05-05', NULL, 'entrada'),
('52882264', 1, NULL, 'Calle Paseo Moro Manco nº12 1º18', 42, 4, '2023-07-27', NULL, 'salida'),
('52883275', 1, NULL, 'C/ SOTO BERNAL, 6', 2, 21, '2021-03-17', NULL, 'entrada'),
('52884786', 1, NULL, 'PSO MORO MANCO 12 BLQ 4 ESC B 3-39 - MOJACAR', 42, 26, '2023-04-04', NULL, 'entrada'),
('52908835', 1, '240474 / AAA00105098', 'C/ SEBASTIAN PEREZ Nº 55, S -1, PZ Nº 13', 29, 4, '2023-10-03', NULL, 'salida'),
('52920791', 1, NULL, 'DP C/ SIERRA DRIVE S/N,PARC 30,PTA 139-CUEVAS DEL ALMANZORA', 21, 20, '2022-04-22', NULL, 'entrada'),
('52926089', 1, '', 'LOCAL AVDA, 28 DE FEBRERO, Nº 79, BP 4, BAJO 51 (2 LLAVES)', 12, 23, NULL, NULL, 'entrada'),
('52928331', 1, NULL, 'LOCAL COM AVDA BARCELONA Nº 15 PL BJ PTA 2', 21, 4, '2021-04-19', 'DEVOLUCION 25/05', 'salida'),
('52928606', 1, 'AAA00103320', 'CALLE EL CENSOR Nº5 BAJO PTA1', 21, 28, '2024-07-30', '', 'entrada'),
('52939697', 1, '', 'LOCAL COM C/ IBERIA Nº 77 PL BJ', 2, 21, NULL, NULL, 'entrada'),
('52939928', 1, NULL, 'CALLE MURILLO, Nº 7', 42, 23, '2021-04-13', 'DEVOLUCIÓN 21/02/2022', 'entrada'),
('52941360', 1, 'AAA00105014', 'LOCAL COM C/ HERMANOS TAPIA MELLADO Nº11 PL SS', 46, 23, '2024-07-15', NULL, 'entrada'),
('52952253', 1, NULL, 'VIVIENDA AVDA ALMANZORA Nº 2, 1º', 21, 22, NULL, NULL, 'entrada'),
('52959265', 1, NULL, 'VIVIENDA, C/ PABLO IGLESIAS Nº18 PL.3 PTA. G', 2, 21, '2021-07-02', NULL, 'entrada'),
('52961436', 1, NULL, 'VIVIENDA C/ MIRADOR DE LA MARINA, ED A, BLQ. 2, BJ C', 42, 4, NULL, 'DEVOLUCION 25/05', 'salida'),
('52961663', 1, 'AAA00095949 / AAA00103273', 'CALLE SIERRA MORENA Nº14 POLÍGONO INDUSTRIAL LA JUAIDA', 72, 4, '2024-05-08', NULL, 'salida'),
('52965648', 1, NULL, 'CASA C/ TERESA DE CALCUTA, 24 LUCAINENA DE LAS TORRES', 38, 4, '2022-03-23', NULL, 'salida'),
('52965792', 1, NULL, 'DUPLEX, C/ JUAN CUADRADO, 12 BQ.1 PTA.6 - VERA', 71, 20, '2022-01-31', 'DEVOLUCION 31/01/2022', 'entrada'),
('52971028', 1, NULL, 'CASA,CL.LA CUESTA 5 BARRO.DE SAN ROQUE', 14, 1, '2023-07-24', NULL, 'salida'),
('52977978', 1, NULL, 'VIVIENDA C/ SANTO DOMINGO, 6-BJ-C. - GARRUCHA', 28, 20, '2022-04-22', NULL, 'entrada'),
('52984805', 1, NULL, 'DESCONOCIDO', 32, 28, '2025-05-15', NULL, 'entrada'),
('52984808', 4, '252941', 'LOCAL C/ NTRA. SEÑORA DEL MAR 73 BJ', 8, 23, '2024-01-26', 'LLEGA SEGUNDA COPIA 05/02/2024', 'entrada'),
('52984912', 1, NULL, 'CALLE SAGUNTO 14 ESC. E BAJO 9', 8, 4, '2025-03-06', NULL, 'salida'),
('52994499', 1, NULL, 'VIVIENDA C/ SOTAVENTO 2, PISO 2 PTA. 2-23', 71, 20, NULL, NULL, 'entrada'),
('52995315', 1, NULL, 'AVDA. ALMANZORA Nº2 2º 12G', 21, 4, '2023-10-31', NULL, 'salida'),
('52995316', 1, NULL, 'VIVIENDA AVDA ALMANZORA Nº 2, 2º 16-CUEVAS DEL ALMANZORA', 21, 20, '2022-04-22', NULL, 'entrada'),
('52995592', 1, '', 'CL CARLOS MARIN MENU 7 Es:2 Pl:00 Pt:02', 2, 21, NULL, NULL, 'entrada'),
('52997994', 1, NULL, 'C/LIRA 8-11, CALAS DEL PINAR, PULPI', 51, 21, '2021-03-12', NULL, 'entrada'),
('52998016', 1, NULL, 'URB.CALAS DEL PINAR,C/LIRA Nº8-4 P.41,S.J.TERREROS', 51, 21, NULL, NULL, 'entrada'),
('52998020', 1, NULL, 'URB CALAS DEL PINAR,C/ LIRA 8, P.43,S.J. TERREROS (2 LLAVES)', 51, 21, NULL, NULL, 'entrada'),
('52998023', 1, NULL, 'URB CALAS DEL PINAR,C/ LIRA 8, P.41,S.J. TERREROS (2 LLAVES)', 51, 21, '2012-03-17', NULL, 'entrada'),
('52998024', 1, NULL, 'URB CALAS DEL PINAR,C/ LIRA 8, P.40. S.J. TERREROS', 51, 36, '2021-05-25', NULL, 'entrada'),
('52998027', 1, NULL, 'CALAS DEL PINAR, CALLE LIRA 8, P. 35,(2 LLAVES)', 51, 21, '2021-03-09', NULL, 'entrada'),
('52998076', 1, NULL, 'HISPASAT 49', 63, 32, '2022-05-18', NULL, 'salida'),
('53006140', 1, '', 'CHALET ADOSADO, C/ BOABDIL, 2 - PULPI', 51, 21, '2021-08-11', '', 'entrada'),
('53018359', 1, NULL, 'C/ MAYOR RESID LAS SIERRICAS Nº 2', 36, 4, '2024-01-11', 'COPIA DE LLAVES PROPIAS EN POSESION', 'salida'),
('53046929', 1, NULL, 'GARAJES DE TURRE', 66, 22, '2024-01-16', NULL, 'entrada'),
('53059261', 1, '256467', 'LOCAL COM C/ BLAS INFANTE Nº 5 PL BJ PTA 1', 4, 4, '2023-05-04', NULL, 'salida'),
('53059981', 1, '251870', 'VIVIENDA C/ BLAS INFANTE N 5 PL 2 PTA A', 4, 4, '2023-05-04', NULL, 'salida'),
('55132', 5, '10052104', 'El Morro S/N', 21, 26, '2024-01-01', NULL, 'entrada'),
('5805270002', 1, NULL, 'PISO 3-B.02 BAJO EDIF. 3, C/ PL.GAR 52 EN URB. PUEBLO LAGUNA', 71, 20, '2022-05-16', NULL, 'entrada'),
('5805270013', 1, NULL, 'PISO 4-B.03 BAJO EDIF.4, PL GAR 62 EN URB.PUEBLO LAGUNA', 71, 4, NULL, 'DEVOLUCION 14/05', 'salida'),
('5805270016', 1, NULL, 'PISO 4-B.06 BAJO EDIF.4, PL GAR 67 URB. PUEBLO LAGUNA', 71, 20, NULL, NULL, 'entrada'),
('5805270056', 1, NULL, 'PISO 5-B.02 BAJO EDIF.5 PL GAR 80 URB. PUEBLO LAGUNA', 71, 20, NULL, NULL, 'entrada'),
('5805270067', 1, NULL, 'PISO 5-B.13 BAJO EDIF. 5, PL GAR 87 URB. PUEBLO LAGUNA', 71, 20, NULL, NULL, 'entrada'),
('5805270091', 1, NULL, 'PISO 6-B.08 BAJO EDIF 6, PL GAR 284 URB. PUEBLO LAGUNA', 71, 20, '2021-03-17', NULL, 'entrada'),
('5805270095', 1, NULL, 'PISO 7-B.02 1ª EDIF.7, PL GAR 118 URB. PUEBLO LAGUNA', 71, 20, NULL, NULL, 'entrada'),
('5806160001', 1, '', 'CL FRANCISCO DIAZ ROMERO 6 Es:1 Pl:00 Pt:0A', 2, 21, NULL, NULL, 'entrada'),
('58082200002', 1, NULL, 'CHALET ADOSADO,C/LIRA Nº 10,PTA 2,CALAS DEL PINAR', 51, 36, '2021-05-31', NULL, 'entrada'),
('5808220010', 1, NULL, 'C/LIRA Nº 10,PTA 50,CALAS DEL PINAR R-2 (2 LLAVES)', 51, 21, '2021-03-17', NULL, 'entrada'),
('58395', 5, 'L000942573', 'C/ SENADO 4 2°C', 28, 22, '2023-03-30', NULL, 'entrada'),
('5933836', 6, 'HRE01058109', 'AV ALMERÍA 31', 40, 26, '2022-09-22', NULL, 'entrada'),
('5946520', 6, 'HRE00258515', 'Calle CANTERAS, 48, 2º B', 40, 26, NULL, 'VENDIDO', 'entrada'),
('5954155', 6, 'HRE00258504', 'Calle MANUEL DE FALLA, 37, 2º D', 40, 26, NULL, 'VENDIDO', 'entrada'),
('5969044', 6, 'HRE01058086', 'CL ANTONIO MACHADO SN', 40, 26, '2022-09-22', NULL, 'entrada'),
('5970447', 6, 'HRE00866033', 'CL BANCAL DE LA VIRGEN S/N - Vera', 71, 22, '2023-10-26', NULL, 'entrada'),
('5971219', 7, NULL, 'Prolongacion Cela nº5', 60, 23, '2023-03-06', NULL, 'entrada'),
('6,04E+12', 1, NULL, 'CALLE LIRA 6 Nº38', 63, 35, '2023-07-04', NULL, 'salida'),
('6029814', 6, 'HRE00809907', 'CALLE PALACIO Nº12', 70, 12, '2023-01-09', 'CAMBIO CUSTODIO', 'salida'),
('6029872', 6, 'HRE00398666', 'Calle RAFAEL ALBERTI, 24, BAJO', 41, 35, NULL, NULL, 'salida'),
('6030650', 6, 'HRE00809369', 'CALLE RUBIRA SOLA NAVE 9', 40, 26, '2022-05-30', NULL, 'entrada'),
('6030651', 6, 'HRE00300766', 'CALLE RUBIRA SOLA NAVE 12', 40, 26, '2022-05-30', NULL, 'entrada'),
('6030659', 6, 'HRE00260893', 'CALLE AMANECER, Nº 2, 4º C (EN APLICATIVO 4ºD)', 32, 29, NULL, NULL, 'entrada'),
('6031783', 6, 'HRE03270713', 'CALLE CORRAL BLANCO 18', 70, 26, '2023-10-18', NULL, 'entrada'),
('6031784', 6, 'HRE00398661', 'Lugar PARAJE EL SENILLO, 225, BAJO', 70, 36, NULL, NULL, 'entrada'),
('6032108', 6, 'HRE00480745', 'CL LEPANTO 33, BAJO', 56, 35, '2022-09-21', NULL, 'salida'),
('6033233', 6, 'HRE00398657', 'Calle CAUSI 12, BAJO', 70, 36, NULL, NULL, 'entrada'),
('6033311 / CJ-01357-0001', 6, 'HRE00257329', 'Polígono, 65 LA PARRA PARCELA, BAJO', 32, 5, '2025-04-16', 'SE INSTALA NUEVO BOMBIN (3 COPIAS)', 'entrada'),
('6034045', 6, 'HRE00300347', 'CALLE RUBIRA SOLA NAVE 13', 40, 26, '2022-05-30', NULL, 'entrada'),
('6034046 / 2962', 6, 'HRE00809365', 'CALLE RUBIRA SOLA NAVE 14', 40, 26, '2022-05-30', NULL, 'entrada'),
('6034047', 6, 'HRE00300774', 'CALLE RUBIRA SOLA NAVE 16', 40, 35, '2022-05-30', 'ENVIADAS A NOTARÍA POR VENTA', 'salida'),
('6035769', 6, 'HRE00239028', 'CL ALMERIA 1', 37, 12, '2021-12-13', 'CAMBIO CUSTODIO', 'salida'),
('6035800000000', 1, '', 'CALAS DEL PINAR, LIRA 6 Nº39', 63, 4, '2022-05-26', NULL, 'salida'),
('60358E+11', 1, NULL, 'C/ MARTE Nº 3-29 - PULPI, CALAS DEL PINAR', 51, 21, '2021-03-17', NULL, 'entrada'),
('6036094', 6, 'HRE00398816', 'Calle MONUMENTO CANTERO, 2, BAJO, Puerta 5', 40, 26, NULL, 'VENDIDO', 'entrada'),
('6037448', 6, 'HRE00398660', 'Calle RELOJ, 2, BAJO', 70, 35, NULL, 'Vendido', 'salida'),
('6038352', 6, 'HRE00256197', 'Calle LA CANTINA, 30, BAJO', 32, 5, NULL, NULL, 'entrada'),
('6038464', 6, 'HRE00300772', 'C ANGOSTA 5 PLANTA BAJO', 37, 12, '2022-01-04', 'CAMBIO CUSTODIA', 'salida'),
('6039328', 6, 'HRE00300751', 'CALLE RUBIRA SOLA NAVE 2', 40, 26, '2022-05-30', NULL, 'entrada'),
('6039329', 6, 'HRE00809361', 'CALLE RUBIRA SOLA NAVE 7', 40, 26, '2022-05-30', NULL, 'entrada'),
('6039330', 6, 'HRE00300776', 'CALLE RUBIRA SOLA NAVE 8', 40, 26, '2022-05-30', NULL, 'entrada'),
('6039331', 6, 'HRE00300782', 'CALLE RUBIRA SOLA NAVE 10', 40, 26, '2022-05-30', NULL, 'entrada'),
('6039332', 6, 'HRE00300356', 'CALLE RUBIRA SOLA NAVE 11', 40, 26, '2022-05-30', NULL, 'entrada'),
('6039333', 6, 'HRE00300789', 'CALLE RUBIRA SOLA NAVE 17', 40, 12, '2022-05-30', 'CAMBIO CUSTODIO', 'salida'),
('6039334', 6, 'HRE00305449', 'CALLE RUBIRA SOLA NAVE 3', 40, 26, '2022-05-30', NULL, 'entrada'),
('6040938', 6, 'HRE00300760', 'CALLE RUBIRA SOLA NAVE 1', 40, 26, '2022-05-30', NULL, 'entrada'),
('6040939', 6, 'HRE00300773', 'CALLE RUBIRA SOLA NAVE 4', 40, 26, '2022-05-30', NULL, 'entrada'),
('6040940', 6, 'HRE00300792', 'CALLE RUBIRA SOLA NAVE 5', 40, 26, '2022-05-30', NULL, 'entrada'),
('6040941 / 2963', 6, 'HRE00300771', 'CALLE RUBIRA SOLA NAVE 15', 40, 26, '2022-05-30', NULL, 'entrada'),
('6040963', 6, 'HRE00312323', 'LOCAL CALLE MERCADO 6', 46, 26, '2021-12-17', 'VENDIDO', 'entrada'),
('6043636 / 19111', 3, 'CM3360746', 'CALLE RECREO 24', 58, 12, '2024-04-09', '', 'salida'),
('6046579', 6, 'HRE01001708', 'AV ALMERIA 20 SN', 40, 26, '2022-06-21', NULL, 'entrada'),
('6051489', 6, 'HRE00258314', 'Calle AIRE, 8, 1º 1', 40, 26, NULL, 'VENDIDO', 'entrada'),
('6058297', 6, 'HRE00111087 / HRE00112370', 'CALLE ALGARROBO Nº2 1º 10', 21, 20, '2022-06-02', NULL, 'entrada'),
('6077659', 6, 'HRE00018982', 'CALLE AMANECER, 6, 5º A', 32, 5, NULL, NULL, 'entrada'),
('6077714', 6, 'HRE00261655/HRE03249509', 'CR N-340A', 58, 12, '2023-07-03', 'CAMBIO CUSTODIA', 'salida'),
('6077775', 6, 'HRE00085200', 'CALLE GERONA', 58, 26, '2021-11-03', 'VENDIDO', 'entrada'),
('6077778', 6, 'HRE00301040', 'CL GERONA 1 A', 58, 26, '2022-01-07', 'VENDIDO', 'entrada'),
('6077779', 6, 'HRE00301037', 'DESCONOCIDO', 58, 26, '2022-01-07', 'VENDIDO', 'entrada'),
('6077812', 6, 'HRE00260742 HRE00162621', 'C SANTA ISABEL 12 PLANTA BAJO', 58, 26, '2022-01-04', 'VENDIDO', 'entrada'),
('6077862 / 821', 6, 'HRE00794518', 'CL GADIL 26 - Serón', 56, 12, '2023-05-19', 'CAMBIO CUSTODIA', 'salida'),
('6077863', 6, 'HRE0915927', 'CALLE GADIL Nº26', 56, 35, '2022-05-27', NULL, 'salida'),
('6077866 / 825', 6, 'HRE00300777', 'C CHIRILLO 18 PLABTA BAJO', 56, 12, '2022-01-04', 'CAMBIO CUSTODIO', 'salida'),
('6078004', 6, 'HRE00029099', 'CL EL TRONCO 9 RAMBLA ALJIBE', 37, 26, '2022-09-26', 'VENDIDO', 'entrada'),
('6078011 / 26311', 6, 'HRE00300346 / HRE00076670 / 6078011 / CM3359733 / CM3359601', 'C INDUSTRIAL OLULA DEL RIO 6 PLANTA BAJO', 46, 12, '2022-01-04', 'CAMBIO CUSTODIO', 'salida'),
('6078023', 6, 'HRE00398633', 'NAVE POLIGONO, Nº 8', 13, 35, NULL, 'VENDIDO', 'salida'),
('6078087 / 41170', 6, 'HRE00398530', 'Calle JOSE ANTONIO, 4', 57, 12, NULL, 'CAMBIO CUSTODIO', 'salida'),
('6081898', 6, 'HRE00091757', 'Avenida Mediterraneo, 91, Bajo', 28, 20, NULL, NULL, 'entrada'),
('6081939', 6, 'HRE00398697', 'CALLE LOS BLANCOS Nº 4825, BAJO 8', 19, 35, NULL, 'VENDIDO ANONIO JOSE 679493904', 'salida'),
('6081940', 6, 'HRE00398691', 'CALLE LOS BLANCOS Nº 4825, BAJO 9', 19, 26, NULL, 'VENDIDO', 'entrada'),
('6081941', 6, 'HRE00398694', 'CALLE LOS BLANCOS Nº 4825, BAJO 10', 19, 26, NULL, NULL, 'entrada'),
('6081942', 6, 'HRE00398714/HRE00284034', 'CALLE LOS BLANCOS Nº 4825, 1º 32', 19, 26, NULL, NULL, 'entrada'),
('6081996', 6, NULL, 'Calle ALFONSO XIII, 2, Bajo,Puerta 4A', 28, 20, NULL, NULL, 'entrada'),
('6082221 / 64108', 6, 'HRE00239300 / CM3359760', 'Calle ALMERIA, 3', 40, 12, NULL, 'CAMBIO CUSTODIO', 'salida'),
('6082358', 6, 'HRE00398690', 'CALLE LOS BLANCOS Nº 4825, BAJO 1', 19, 26, NULL, NULL, 'entrada'),
('6082359', 6, 'HRE00398700', 'CALLE LOS BLANCOS Nº 4825, BAJO 2', 19, 26, NULL, NULL, 'entrada'),
('6082360', 6, 'HRE00398695', 'CALLE LOS BLANCOS Nº 4825, BAJO 3', 19, 35, NULL, 'VENDIDO RICARDO CAJAMAR 683375504', 'salida'),
('6082361', 6, 'HRE00398696', 'CALLE LOS BLANCOS Nº 4825, BAJO 4', 19, 26, NULL, NULL, 'entrada'),
('6082362', 6, 'HRE00398693', 'CALLE LOS BLANCOS Nº 4825, BAJO 5', 19, 26, NULL, 'VENDIDO', 'entrada'),
('6082363', 6, 'HRE00398692', 'CALLE LOS BLANCOS Nº 4825, BAJO 6', 19, 26, NULL, NULL, 'entrada'),
('6082364', 6, 'HRE00398712', 'CALLE LOS BLANCOS Nº 4825, 1º 25', 19, 26, NULL, 'VENDIDO 15/03/2022', 'entrada'),
('6082365', 6, 'HRE00398711', 'CALLE LOS BLANCOS Nº 4825, 1º 26', 19, 26, NULL, 'VENDIDO 5/08/2022', 'entrada'),
('6082366', 6, 'HRE00398707', 'CALLE LOS BLANCOS Nº 4825, 1º 27', 19, 26, NULL, NULL, 'entrada'),
('6082367', 6, 'HRE00398710', 'CALLE LOS BLANCOS Nº 4825, 1º 28', 19, 35, NULL, 'VENDIDO RICARDO CAJAMAR 683375504', 'salida'),
('6082368', 6, 'HRE00398713', 'CALLE LOS BLANCOS Nº 4825, 1º 29', 19, 26, NULL, NULL, 'entrada'),
('6082369', 6, 'HRE00398705', 'CALLE LOS BLANCOS Nº 4825, BAJO 17', 19, 26, NULL, NULL, 'entrada'),
('6082370', 6, 'HRE00398704', 'CALLE LOS BLANCOS Nº 4825, BAJO 18', 19, 26, NULL, 'VENDIDO', 'entrada'),
('6082371', 6, 'HRE00398701', 'CALLE LOS BLANCOS Nº 4825, BAJO 19', 19, 26, NULL, 'DEVOLUCION A CUSTODIO 24/6/2022', 'entrada'),
('6082372', 6, 'HRE00398702', 'CALLE LOS BLANCOS Nº 4825, BAJO 20', 19, 26, NULL, NULL, 'entrada'),
('6082373', 6, 'HRE00398706', 'CALLE LOS BLANCOS Nº 4825, BAJO 21', 19, 26, NULL, NULL, 'entrada'),
('6082374', 6, 'VENDIDO', 'CALLE LOS BLANCOS Nº 4825, BAJO 22', 19, 26, NULL, NULL, 'entrada'),
('6082375', 6, 'HRE00398698', 'CALLE LOS BLANCOS Nº 4825, BAJO 23', 19, 26, NULL, NULL, 'entrada'),
('6082376', 6, 'HRE00398699', 'CALLE LOS BLANCOS Nº 4825, BAJO 24', 19, 26, NULL, 'VENDIDO', 'entrada'),
('6082377', 6, 'HRE00284028', 'CL LOS BLANCOS 4825', 19, 26, '2021-12-30', 'VENDIDO', 'entrada'),
('6082378', 6, 'HRE00335991', 'CL LOS BLANCOS 4825', 19, 26, '2021-12-30', 'VENDIDO', 'entrada'),
('6082379', 6, 'HRE00284028', 'CL LOS BLANCOS 4825', 19, 26, '2021-12-30', '', 'entrada'),
('6082380', 6, 'HRE00335968', 'CL LOS BLANCOS 4825', 19, 35, '2021-12-30', 'VENDIDO RICARDO CAJAMAR 683375504', 'salida'),
('6082381', 6, 'HRE00279203', 'CL LOS BLANCOS 4825', 19, 26, '2021-12-30', '', 'entrada'),
('6082382', 6, NULL, 'CALLE LOS BLANCOS Nº 4825, 1º 46', 19, 35, NULL, NULL, 'salida'),
('6082383', 6, NULL, 'CALLE LOS BLANCOS Nº 4825, 1º 47', 19, 26, NULL, NULL, 'entrada'),
('6082384', 6, 'HRE00335940', 'CL LOS BLANCOS 4825', 19, 26, '2021-12-30', 'VENDIDO', 'entrada'),
('6082387', 6, 'HRE00398709', 'CALLE LOS BLANCOS Nº 4825, BAJO 14', 19, 26, NULL, 'VENDIDO', 'entrada'),
('6082389', 6, 'HRE00398716', 'CALLE LOS BLANCOS Nº 4825, 1º 37', 19, 26, NULL, NULL, 'entrada'),
('6082390', 6, 'HRE00398718', 'CALLE LOS BLANCOS Nº 4825, 1º 38', 19, 26, NULL, 'VENDIDO', 'entrada'),
('6082590', 6, 'HRE00336378 / HRE00305774', 'CL TERRAPLEN 4', 58, 26, '2022-01-12', 'VENDIDO', 'entrada'),
('6082669', 6, NULL, 'CL RUBIRA SOLA 0', 40, 26, '2021-05-31', 'VENDIDO', 'entrada'),
('6082687', 6, 'HRE00808709', 'Calle DE LOS TORRENTES, polígono 22, parcela 484. Vélez-Rubio', 70, 36, NULL, NULL, 'entrada'),
('6082757 / 56772', 6, 'HRE00091704 HRE00272796 CM3359700', 'CALLE LOS CARRILES S/N', 40, 12, '2024-09-27', 'OFICINA, EN LA CAJA DE VELEZ RUBIO', 'salida'),
('6082758', 6, 'HRE00398814', 'Calle LA MOLINERA, Suelo rústico', 40, 12, NULL, 'CAMBIO CUSTODIO', 'salida'),
('6082805', 6, 'ID PRINEX', 'MOLINOS DE VIENTO, CASA BLANCA', 67, 12, '2024-04-01', 'CAMBIO CUSTODIO', 'salida'),
('6134246', 6, 'HRE00300348', 'C SAN LORENZO 2', 18, 35, '2022-01-04', '', 'salida'),
('6135408', 6, 'HRE00398524', 'Calle TRIANA, 12, 2ª C', 52, 35, NULL, NULL, 'salida'),
('6135768 / 7488521', 6, 'HRE00230966', 'C/MIRADORES, PISO 3 PUERTA 36, ESCALERA 2', 28, 20, '2021-06-11', 'VENDIDO', 'entrada'),
('6136727', 6, 'HRE00325741', 'C ANIMAS 9, PLANTA 4, PUERTA A', 58, 26, '2022-01-04', 'VENDIDO', 'entrada'),
('6520113', 6, NULL, 'DESCONOCIDO', 42, 20, NULL, NULL, 'entrada'),
('6520292', 6, 'HRE00398668', 'Calle Mendez, 13, Bajo', 70, 36, NULL, NULL, 'entrada'),
('6520311', 6, NULL, 'Calle Canteras, 82, 2º 10, Portal 1', 28, 20, NULL, NULL, 'entrada'),
('6520947', 6, 'HRE00398669', 'Calle MUNDO NUEVO, 46, 1ª 2', 69, 26, NULL, NULL, 'entrada'),
('6530036 / 69326', 3, 'HRE00765874', 'CALLE ALMERIA Nº22 BAJO', 40, 12, '2024-04-04', 'CAMBIO CUSTODIO', 'salida'),
('6710921', 6, 'HRE00458606', 'Calle Lozano,  5', 70, 26, '2021-12-27', 'Vendido', 'entrada'),
('6733303', 6, 'HRE00985112', 'CAMINO DEL CEMENTERIO SN ESC B PL BAJA PTA A', 62, 26, '2022-07-28', NULL, 'entrada'),
('6782745 / 72881', 6, 'HRE03250063', 'CARRETERA A-334 SN PLANTA BAJO PUERTA 0 FR 1834 NAVE AISLADA', 52, 12, '2023-07-28', NULL, 'salida'),
('6785314', 6, 'HRE00092289', 'Calle CICERON, 4, Bajo, Puerta A', 28, 20, NULL, NULL, 'entrada'),
('6788218', 6, 'HRE00398673', 'Calle JUEGO DE BARRAS, 3, Bajo', 70, 36, NULL, NULL, 'entrada'),
('6800310', 6, 'HRE00839535', 'CALLE CERRO DE LA CRUZ  BAJO  PTA.14', 62, 35, '2022-06-21', NULL, 'salida'),
('6800344', 6, 'HRE00581529', 'CALLE CERRO DE LA CRUZ SN BAJO PTA.7', 62, 35, '2022-07-05', NULL, 'salida'),
('6818927', 6, 'HRE00402855', 'CALLE CLAVELES 12 ESC 0 PLANTA BAJO PUETA BJ', 4, 35, '2023-01-26', NULL, 'salida'),
('6818980', 6, 'HRE00913620', 'C SAN FRANCISCO NN', 16, 35, '2021-12-30', '', 'salida'),
('6819076', 6, 'HRE00398659', 'Calle CORREDERA, 42, Bajo', 69, 35, NULL, NULL, 'salida'),
('6823363', 6, 'HRE00504172', 'PARAJE UMBRIA', 41, 12, '2021-12-30', 'CAMBIO CUSTODIO', 'salida'),
('6823592 / CJ-00055-0001', 6, 'HRE00300390', 'C CALVO SOTELO 4', 58, 12, '2021-12-30', 'TENEMOS DOS COPIAS DE SOLVIA Y UNA DE HAYA', 'salida'),
('6824617', 6, 'HRE00398689', 'Calle LOS BLANCO, S/N, Bajo', 19, 26, NULL, 'VENDIDO', 'entrada'),
('6827678', 3, 'HRE00398658 / CM3361137', 'Calle LOS CABRERAS, S/N, Bajo', 70, 12, '2024-03-18', 'CAMBIO CUSTODIO', 'salida'),
('6828722', 6, NULL, 'Calle MENDEZ NUÑEZ, 9, 2º C', 28, 20, NULL, 'Vendido', 'entrada'),
('6832704', 6, 'HRE00809867 / CM3359653', 'CALLE POLVORIN 10', 40, 12, '2022-07-22', 'CAMBIO CUSTODIO', 'salida'),
('6833021', 6, 'HRE00916025', 'CALLE CERRO DE LA CRUZ Nº20', 62, 35, '2022-05-27', NULL, 'salida'),
('6833277', 6, 'HRE00417787', 'CALLE CERRO DE LA CRUZ 30', 62, 35, '2022-06-21', NULL, 'salida'),
('6833368', 6, 'HRE00809996', 'CL ALTAS YESERAS 36', 8, 23, '2022-08-04', NULL, 'entrada'),
('6833375', 6, 'HRE00675477', 'CERRO DE LA CRUZ 32 BAJO', 62, 35, '2022-07-05', NULL, 'salida'),
('6889245', 6, 'HRE00111085', 'Calle CAPITA 7, Piso P', 38, 35, NULL, 'VENDIDO', 'salida'),
('6891015', 6, 'HRE00090702', 'CALLE REY JUAN CARLOS I, PLANTA BAJA, 1 C', 24, 12, '2021-06-23', 'CAMBIO CUSTODIO', 'salida'),
('6891020', 6, 'HRE00398552', 'LOCAL CALLE REY JUAN CARLOS I S/N, PB, 1CC', 24, 12, NULL, 'CAMBIO CUSTODIO', 'salida'),
('6891059', 6, 'HRE00074231', 'Local comercial en C/Rey Juan Carlos I S/N', 24, 12, '2021-06-18', 'CAMBIO CUSTODIO', 'salida'),
('6934598', 6, NULL, 'Calle ALFONSO XIII, Nº 2, Bloque B, Puerta 2, Bajo', 28, 20, NULL, NULL, 'entrada'),
('6940715', 6, 'HRE00477047', 'CALLE CIPRES, Nº 2, 1º E', 32, 29, NULL, NULL, 'entrada'),
('6946696', 6, 'HRE00330078', 'VIVIENDA AVENIDA COSTA LEVANTE 8 ESC 1 PL 1', 42, 26, '2022-10-20', NULL, 'entrada'),
('6946787', 6, 'HRE00284783', 'Camino DE TAHAL, POLÍGONO 8, PARCELA 3, BAJO', 13, 35, NULL, 'VENDIDO', 'salida'),
('6961580', 6, 'HRE00197298', 'Calle EL GRECO, 2, 2 A', 32, 29, NULL, NULL, 'entrada'),
('6964634', 1, '', 'L Interior 30 - Huércal-Overa', 32, 5, '2021-09-30', '', 'entrada'),
('6964829 / CJ-01837-0001', 6, 'HRE00398817', 'Avenida Almería, 29, 1º G, Bloque 1', 40, 26, '2025-04-16', NULL, 'entrada'),
('6965681', 6, 'HRE00036646', 'CALLE NUEVA 17 BAJO B', 28, 22, '2022-09-27', NULL, 'entrada'),
('6967646', 3, 'CM3362118', 'CALLE MONTROY DE LA VEGA SN', 70, 12, '2024-03-06', 'VENDIDOS, NO FUNCIONAN INTERIOR', 'salida'),
('6967748', 6, 'HRE00478198', 'Calle Barrio de las Minas, 2, Bajo', 32, 26, NULL, 'Eliminado por cambio de ID', 'entrada'),
('6973061 / 81668', 3, 'HRE00794191', 'AVENIDA ANDALUCIA 65', 70, 12, '2023-03-28', 'CAMBIO CUSTODIO', 'salida'),
('6977696', 6, 'HRE00993762', 'EL ALMENDRAL 0', 55, 26, '2022-05-20', NULL, 'entrada'),
('6978804', 6, 'HRE00398504', 'Calle Las Copas, 8, Bajo, Puerta A1', 24, 36, NULL, NULL, 'entrada'),
('6978804 / 82097', 6, 'HRE00398792 HRE00272780', 'Calle LOS CARRILES, S/N, BAJO', 40, 12, NULL, 'CAMBIO CUSTODIO', 'salida'),
('6979125', 6, 'HRE00398664 HRE00398670', 'SUELO POLIGONO 9, PARCELA Nº 11', 70, 35, NULL, NULL, 'salida'),
('6979363', 6, 'HRE01018870', 'CALLE PROLONGACION PI MARGALL Nº11 2ºB', 28, 22, '2023-04-05', NULL, 'entrada'),
('6979708', 6, 'HRE00161069', 'CALLE JULIO ROMERO DE TORRE Nº6 PUERTA 6', 71, 22, '2023-09-11', NULL, 'entrada'),
('6979720', 6, 'HRE00258609', 'Calle Cantarerías, 85', 70, 36, NULL, NULL, 'entrada'),
('6979726', 6, 'HRE00258763', 'Calle CALLEJON DEL MORAL, 1, 3º B', 69, 26, NULL, 'VENDIDO', 'entrada'),
('6979731', 6, 'HRE00026921', 'Calle CALLEJON DEL MORAL, 20, Piso -1, Puerta 2, Trastero 2', 69, 35, NULL, NULL, 'salida'),
('6983724', 6, 'HRE00813908', 'CALLE ORIENTE 19', 69, 26, '2023-11-14', NULL, 'entrada'),
('6983724 / C6-07682-0001', 6, 'HRE00111052 HRE00111055', 'CL ORIENTE 19', 69, 26, '2024-06-20', '', 'entrada'),
('6984004', 6, 'HRE00032393', 'Calle Embajadores, 22, Bajo, Puerta 1', 42, 20, '2022-06-02', NULL, 'entrada'),
('6984323', 6, 'HRE00792833', 'Calle El paso 5   Planta Duplex Puerta 1', 51, 5, '2022-06-08', NULL, 'entrada'),
('6984421', 6, 'HRE00369907', 'CAMINO DE LA NAVA S/N  -1 PTA 8', 66, 22, '2022-06-02', NULL, 'entrada'),
('6993426', 6, 'HRE00258516', 'Calle ROMEROS, 4, BAJO, Puerta 2', 70, 35, NULL, NULL, 'salida'),
('6994340', 6, 'HRE01058215', 'CL ANGEL', 15, 26, '2022-09-22', NULL, 'entrada'),
('6994628', 6, 'HRE01058181', 'CL Marques de los Velez 26', 69, 26, '2022-09-22', NULL, 'entrada'),
('6994629', 6, 'HRE01037458', 'PAO LOS BLANCOS 26', 69, 26, '2022-09-26', NULL, 'entrada'),
('6996551', 6, 'HRE01001949', 'CALLE ERAS 4 BAJO PTA 4', 45, 35, '2022-08-19', NULL, 'salida'),
('6997537', 6, 'HRE01001862', 'CALLE VIRGEN DE LA PIEDAD 5', 20, 23, '2022-07-13', NULL, 'entrada'),
('6997560', 6, 'HRE01057022', 'CALLE PLACETA ESCULLA 8 PAO', 65, 26, '2022-09-26', NULL, 'entrada'),
('6997587', 6, 'HRE01001712', 'CALLE ANTEQUERA Nº6 PTA-B', 60, 35, '2022-06-21', NULL, 'salida'),
('6997598', 6, 'HRE00820680', 'CALLE NUEVA 50, 1º B', 28, 20, '2021-03-17', NULL, 'entrada'),
('6997711', 6, 'HRE00316326', 'C/NUESTRA SEÑORA DE LA VISITACIÓN Nº8 PTA 3', 6, 26, '2022-04-11', NULL, 'entrada'),
('6997797', 6, 'HRE00111633', 'CALLE ALFARERIAS, Nº 14, 1 ºc', 32, 29, NULL, NULL, 'entrada'),
('6997911', 6, 'HRE00112496', 'CALLE PABLO NERUDA Nº11 2ºB', 17, 26, '2022-04-22', NULL, 'entrada'),
('6998226', 6, 'HRE00706163', 'CALLE MEZQUITA 2ºG', 45, 35, '2022-05-19', NULL, 'salida'),
('6998855', 6, 'HRE00111918', 'AVDA LOS ESCOLARES', 51, 26, '2022-04-22', 'TABLON - INTERIOR', 'entrada'),
('6999142', 6, 'HRE01038408 / HRE03342193', 'BACARES 13', 71, 22, '2024-04-30', 'CAMBIO CUSTODIO', 'entrada'),
('6999181', 6, 'HRE01001769', 'CALLE ARGELEJO Nº7', 47, 26, '2022-06-21', NULL, 'entrada'),
('6999208', 6, 'HRE00079554', 'CARRETERA A 349 PK 45 200 SN', 46, 26, '2022-09-09', NULL, 'entrada'),
('6999211', 6, 'HRE01001891', 'AVENIDA ESPAÑA SN PL-2 PTA-D', 16, 35, '2022-02-26', NULL, 'salida'),
('6999266', 6, 'HRE01038396', 'CL LOS GERANEOS BRENAN 13 PAO', 51, 5, '2022-08-31', NULL, 'entrada'),
('6999273', 6, 'HRE01001749', 'CALLE AMADOR TAPIA ESTEBAN 3 PL-2  PTA-B', 46, 26, '2022-06-21', NULL, 'entrada'),
('6999278', 6, 'HRE00027226', 'Lugar LA POZA DE FUENTE GRANDE POLIG 35.', 70, 35, NULL, NULL, 'salida'),
('6999303', 6, 'HRE00164710', 'Lugar LOS MELLINAS CORTIJADA DE LOS GENEROS S/N', 70, 26, '2023-08-29', NULL, 'entrada'),
('6999310 / C6-01600-0001', 6, 'HRE00111043 / HRE01075212 / HRE03246713 / HRE03334172', 'CALLE HORNO Nº19', 68, 26, '2022-06-21', NULL, 'entrada'),
('6999364', 6, 'HRE01001697 / HRE1366976', 'CALLE PRINCIPAL 6-8 ESC-2 PL-1 PTA-DERECHA', 21, 20, '2022-06-21', NULL, 'entrada'),
('7008806', 6, 'HRE00794176 / HRE03342201', 'C/ Cañada de Julian 2 Puerta 2', 71, 22, '2023-03-17', NULL, 'entrada'),
('7008829', 6, 'HRE00831356', 'Calle Mayor, 90, 3º, Puerta10, Escalera 2', 28, 20, NULL, 'Vendido', 'entrada'),
('7012767', 6, 'HRE00398672', 'Calle Cuesta, 13, Bajo', 70, 35, NULL, NULL, 'salida'),
('7014350', 6, 'HRE03273277', 'Calle España nº13', 47, 12, '2023-09-29', 'CAMBIO CUSTODIO', 'salida'),
('7015742', 6, 'HRE00090335', 'C MONTERERIA 28', 41, 35, '2021-12-30', NULL, 'salida'),
('7017665', 6, 'HRE00398549', 'C/TUZANI, Nº 6, PL 1º, PTA A', 24, 26, NULL, 'VENDIDO', 'entrada'),
('7031989', 6, 'HRE00916097', 'CALLE LA REINA', 40, 12, '2022-04-29', 'CAMBIO CUSTODIO', 'salida'),
('7032362', 6, 'HRE00271141', 'C/MORATIN 23 1º6A', 28, 22, '2021-09-27', '', 'entrada'),
('7035044', 6, 'HRE00398822', 'CL Colonia San Jose 1', 46, 36, '2021-04-04', 'SALIDA 31/08/2022 PROCOSONA', 'entrada'),
('7037948', 6, 'HRE03310141', 'CALLE DEL PEZ Nº7 BAJO', 71, 7, '2023-09-01', 'HAN VENDIDO EL ACTIVO', 'salida'),
('7038855', 6, 'HRE00947251', 'AVDA. ANDALUCIA 2', 46, 26, '2021-11-04', '', 'entrada'),
('7039442', 6, 'HRE00960237 / HRE00960234', 'C/JARDINES 4 ESC E, PL 2, PTA A', 46, 11, '2021-12-13', '', 'salida'),
('7040910', 6, 'HRE03241386', 'Calle Las Canteras 39 Esc A, Bajo 4', 28, 22, '2023-10-04', NULL, 'entrada'),
('7042698', 6, 'HRE00869024', 'CALLE DISEMINADO POLIGONO 2 Nº660 BAJO', 66, 35, '2022-02-03', NULL, 'salida'),
('7043645', 6, 'HRE00926099 / HRE00970263', 'C/COLÓN Nº11 1ºC', 32, 36, '2022-03-11', NULL, 'entrada'),
('7044199', 6, 'HRE00330398', 'CALLE MAESTRA PADILLA 1 PL 2', 4, 26, '2022-10-24', NULL, 'entrada'),
('7047502', 6, 'HRE00398773', 'Avda. Pintor Antonio Lopez 31', 46, 26, '2021-04-04', 'OFICINA', 'entrada'),
('7047861', 6, 'HRE00893698', 'CL Sevilla 2', 46, 26, '2021-04-04', 'VENDIDO', 'entrada'),
('7048185', 6, 'HRE00398960', 'AV La Viña 28', 40, 26, '2021-04-04', 'OFICINA', 'entrada'),
('7048673 / CK-02448-0001', 6, 'HRE00189430', 'CL Alhambra 1, BQ 2, ESC B, 4ºIZQ', 46, 26, '2025-04-16', 'NO FUNCIONAN', 'entrada'),
('7048730 / CK-03638-0001', 6, 'HRE00826138', 'CL SANTIAGO 4 (antes 2)', 40, 26, '2021-04-04', NULL, 'entrada'),
('7049602', 6, 'HRE00398959', 'PL La Paloma 3', 46, 35, '2021-04-04', 'Vendido', 'salida'),
('7049861 / CK-05035-0001', 6, 'HRE00455378', 'AV ALMERÍA 20 2ºF', 40, 26, '2021-04-04', NULL, 'entrada'),
('70500467', 6, 'HRE00454699', 'Calle Sevilla, 7, 2, Puerta izquierda, Escalera E', 24, 36, NULL, NULL, 'entrada'),
('7050516 / CK-01188-0001', 6, 'HRE00398961', 'CL Colonia San Jose 1', 46, 26, '2025-04-16', NULL, 'entrada'),
('7069057', 6, 'HRE00398656', 'Calle Peñón, 2, Bajo', 70, 35, NULL, 'Vendido', 'salida'),
('7071384', 3, 'CM3361328', 'CL ROMERO 29 - Cantoria', 16, 12, '2024-05-21', 'VENDIDOS, NO FUNCIONAN INTERIOR', 'salida'),
('7072262', 6, NULL, 'C/ EL PILAR 6', 32, 5, '2021-06-18', NULL, 'entrada'),
('7074221', 6, 'HRE00197221', 'Calle ALGECIRAS, 6, Bajo, Puerta B13', 32, 29, NULL, NULL, 'entrada'),
('7074928 / 85420', 6, 'HRE00300783', 'EL CORTIJO QUEMADO ESCALERA 0 PLANTA 0 PUERTA 0', 16, 26, '2022-01-04', '', 'entrada'),
('7074983', 6, 'HRE00238696 HRE00238695', 'C PROFESOR MIGUEL GUIRAO', 70, 26, '2021-12-30', '', 'entrada'),
('70760068', 6, 'HRE00398863', 'CALLE NUEVA 43, LOCAL', 24, 36, NULL, NULL, 'entrada'),
('7076068', 6, 'HRE00398863', 'Calle NUEVA, 3, BAJO', 24, 26, NULL, 'VENDIDO', 'entrada'),
('7099522', 6, 'HRE00307108 / HRE00949993', 'C/MENGEMOR Nº74', 45, 23, '2022-03-10', NULL, 'entrada'),
('7100936', 6, 'HRE00197163', 'Calle ERA, 24, 1º B', 32, 35, NULL, NULL, 'salida'),
('7101071', 6, 'HRE00915930', 'Calle Los Terreros 108', 16, 35, '2022-01-28', NULL, 'salida'),
('7101700', 6, 'HRE00402386/HRE00260271', 'C/ SAN PEDRO 4 ESC 0', 19, 12, '2023-06-08', 'CAMBIO CUSTODIO', 'salida'),
('7101827', 3, 'CM3358949', 'DS PASTOR, EXPLOTACION GANADERA', 60, 12, '2024-11-06', '', 'salida'),
('7101829', 6, 'HRE03342284', 'AVDA RICARDO FABREGA 36', 60, 27, '2024-01-04', 'OFICINA CAJAMAR TABERNAS', 'salida'),
('7224031', 6, NULL, 'Calle LA RAMBLA, 21, Bajo, Puerta 3', 28, 20, NULL, NULL, 'entrada'),
('7224392', 6, 'HRE00305696', 'CALLE CERRO DE LA CRUZ 22', 62, 35, '2022-06-21', NULL, 'salida'),
('7225483', 6, NULL, 'Calle Júpiter 17, Puerta 6', 51, 35, NULL, NULL, 'salida'),
('7225663', 6, 'HRE00239222', 'Calle ALBAIDA, 9, BAJO, Puerta 3', 40, 12, '2021-03-02', 'CAMBIO CUSTODIO', 'salida'),
('7225664', 6, 'HRE00239043', 'omer', 40, 12, '2021-03-02', 'CAMBIO CUSTODIO', 'salida'),
('7225667', 6, 'HRE00915567', 'CERRO CRUZ 23 BAJO', 62, 14, '2022-07-05', 'LUISA 667484018', 'salida'),
('7226228', 6, 'HRE00462202', 'Calle Fraile Pepe, 17', 2, 23, '2024-01-01', NULL, 'entrada'),
('7226625', 6, NULL, 'Calle Jose Lopez Delgado, 14, 5º, Puerta S', 28, 22, NULL, NULL, 'entrada'),
('7226783', 6, 'HRE00147119', 'CALLE SOL 5 PL 2 PTA B', 71, 26, '2022-09-09', NULL, 'entrada'),
('7226965', 6, NULL, 'Calle Obispo Orbera, 21, 1º B', 28, 35, NULL, 'No comercializable', 'salida'),
('7228961', 3, 'PROPIAS', 'LOCAL CALLE ARCO Nº24', 32, 26, '2024-04-23', '', 'entrada'),
('7232749', 6, 'HRE00757936', 'Calle Argentina Nº3 1ºD', 32, 5, '2022-02-26', NULL, 'entrada'),
('7243572', 6, 'HRE00757946', 'Calle Guadiana Nº31', 32, 11, '2023-07-26', 'POR VENTA', 'salida'),
('7244295', 6, 'HRE00944491 / HRE00845559 / HRE03245043', 'C/ HALCON Nº5 BJ-6', 71, 22, '2022-03-11', NULL, 'entrada'),
('7245528', 6, 'HRE00757937', 'AVDA JUAN SEBASTIAN EL CANO Nº3 BJ-B', 71, 20, '2022-03-11', NULL, 'entrada'),
('7246900', 6, 'HRE00757944/HRE01047862', 'AVDA LAS MARINAS 1 ESC 4 BJ 33', 42, 23, '2022-03-11', NULL, 'entrada'),
('7246996', 6, 'HRE00951103', 'CALLE CAÑADA JULIAN 10 BQ5 1º14', 71, 26, '2022-02-03', NULL, 'entrada'),
('7247552', 6, 'HRE00356635', 'C/EMBAJADORES Nº5 BJ-C', 42, 26, '2022-03-11', NULL, 'entrada'),
('7254484', 6, 'HRE00866737', 'AVDA ALHAMBRA 1', 71, 20, '2022-04-22', NULL, 'entrada'),
('7254521', 6, 'HRE00346014', 'AVENIDA CAÑADA JULIAN 10 1º 101,', 71, 4, '2023-04-19', NULL, 'salida'),
('7268598', 6, 'HRE00640361', 'C/SORROCHE Nº20', 66, 22, '2022-03-11', NULL, 'entrada'),
('7268612', 6, 'HRE00812800 / HRE00845655', 'CL JOSE GOMEZ 7', 71, 26, '2022-04-22', NULL, 'entrada'),
('7271116 / CS-08352-0001', 6, 'HRE00757947', 'Calle Juan de Austria Nº3 3ºD', 32, 26, '2025-04-08', NULL, 'entrada'),
('7276666', 6, 'HRE00639486 / HRE00999774', 'CALLE LA HERRERIA Nº26', 58, 23, '2022-03-11', NULL, 'entrada'),
('7283108', 6, 'HRE00690368', 'CALLE EL PILAR Nº8 OLULA DEL RIO', 46, 26, '2022-05-18', NULL, 'entrada'),
('7283118', 6, 'HRE00599538', 'Calle Centro 15 2ºC- HUÉRCAL-OVERA', 32, 5, '2021-10-11', '', 'entrada'),
('7292409', 6, 'HRE01001760', 'CALLE PABLO NERUDA Nº11 PL-3 PTA-B', 17, 26, '2022-06-21', 'VENDIDO', 'entrada'),
('7293114', 6, 'HRE01001892', 'CALLE JAEN Nº12 URBANIZ. PL-BAJO PTA-A', 66, 20, '2022-06-21', NULL, 'entrada'),
('7293624', 6, 'HRE00799595 / HRE01037925', 'CALLE CLAVEL Nº15', 60, 26, '2023-09-12', 'VENDIDO', 'entrada'),
('7293651', 6, 'HRE00916129', 'CL VIRGEN DE LA ESQUINA, AMADOR TAPIA ESTEBAN Y CALLE', 46, 26, '2021-10-22', '', 'entrada'),
('7293651 / 88009', 3, 'CM3359548', 'CALLE AMADOR TAPIA Nº6 2ºA', 46, 12, '2024-10-15', 'CAMBIO CUSTODIO', 'salida'),
('7293655', 6, 'HRE00916134', 'CL VIRGEN DE LA ESQUINA, AMADOR TAPIA ESTEBAN Y CALLE 0', 46, 26, '2021-10-22', '', 'entrada'),
('7293667', 3, 'CM3359632', 'CALLE AMADORA TAPIA Nº6 1ºF', 46, 12, '2024-11-04', '', 'salida'),
('7293679', 3, 'HRE00915443 / CM3359627', 'CALLE AMADOR TAPIA 6 1ºD', 46, 12, '2021-10-22', 'CAMBIO CUSTODIO', 'salida'),
('7293681', 3, 'CM3361717', 'Calle AMADOR TAPIA 6 Escalera 000 Planta BJ Puerta A', 46, 12, '2024-05-21', '', 'salida'),
('7293682', 6, 'HRE00916124', 'CL VIRGEN DE LA ESQUINA, AMADOR TAPIA ESTEBAN Y CALLE', 46, 26, '2021-10-22', '', 'entrada'),
('7293682 / 88004', 3, 'CM3359595', 'CALLE AMADOR TAPIA Nº6 2ºC', 46, 12, '2024-10-15', '', 'salida'),
('7293687', 6, 'HRE00915705', 'CL VIRGEN DE LA ESQUINA, AMADOR TAPIA ESTEBAN Y CALLE 0', 46, 12, '2021-10-22', 'CAMBIO CUSTODIO', 'salida'),
('7293691', 6, 'HRE00915822', 'CL VIRGEN DE LA ESQUINA, AMADOR TAPIA ESTEBAN Y CALLE 0', 46, 12, '2022-01-28', 'CAMBIO CUSTODIO', 'salida'),
('7293692', 6, 'HRE00915710', 'CL VIRGEN DE LA ESQUINA, AMADOR TAPIA ESTEBAN Y CALLE', 46, 12, '2021-10-22', 'CAMBIO CUSTODIO', 'salida'),
('7293692 / 88008', 3, 'CM3359740', 'CALLE AMADOR TAPIA Nº6 3ºI', 46, 26, '2024-10-15', '-1 COPIA A BALLESTA', 'entrada'),
('7293715 / 88005', 3, 'CM3359712', 'CALLE AMADOR TAPIA Nº6 2ºD', 46, 12, '2024-10-15', '', 'salida'),
('7293725 / 88002', 3, 'HRE00916119', 'CALLE AMADOR TAPIA 6 3ºJ', 46, 12, '2021-10-22', 'CAMBIO CUSTODIO', 'salida'),
('7293731', 3, 'HRE00794123 / CM3359541', 'CALLE AMADOR TAPIA Nº6 1º-B', 46, 12, '2023-02-23', NULL, 'salida'),
('7293736', 3, 'CM3359642', 'CALLE AMADOR TAPIA Nº6 2ºE', 46, 12, '2024-11-04', '', 'salida'),
('7294462', 6, 'HRE03345960', 'C/ Cerro de la cruz 35', 62, 35, '2023-05-05', NULL, 'salida'),
('7294944', 6, 'HRE00040554', 'Lugar PARAJE LOS CUCOS, POL.012, PARC. 599', 56, 35, NULL, NULL, 'salida'),
('7295258 / 88536', 6, 'HRE00916201', 'CALLE ALMERIA Nº3 BAJO B ESC-5', 46, 12, '2022-02-03', 'CAMBIO CUSTODIO', 'salida'),
('7295259', 6, 'HRE00916197', 'CALLE ALMERIA Nº3 BAJO A ESC-5', 46, 26, '2022-02-03', 'VENDIDO', 'entrada'),
('7295281', 6, 'HRE00916194', 'CALLE ALMERIA Nº3 BAJO A ESC-4', 46, 26, '2022-02-03', 'VENDIDO', 'entrada'),
('7295285', 6, 'HRE00916182', 'CL ALMERIA 3 BJ-8 - Olula del Río (Almería)', 46, 12, '2021-11-24', 'CAMBIO CUSTODIO', 'salida');
INSERT INTO `llaves` (`codigo_principal`, `id_propietario`, `codigo_secundario`, `direccion`, `id_poblacion`, `id_ubicacion`, `fecha_recepcion`, `observaciones`, `estado`) VALUES
('7295290 / 88539', 6, 'HRE00916189', 'CL ALMERIA 3 - Olula del Río (Almería)', 46, 12, '2021-11-24', 'CAMBIO CUSTODIO', 'salida'),
('7295294', 6, NULL, 'Lugar RESIDENCIAL MARINA BEACH, 1, Bajo', 21, 5, NULL, NULL, 'entrada'),
('7295329', 6, 'HRE00312002 / HRE00808899', 'CALLE VIRGEN DEL ROSARIO, 2', 37, 35, '2021-12-23', '', 'salida'),
('7295519', 6, 'HRE01001649', 'CALLE EMILIO GIMENO Nº33 PL -1 PTA-41 y 18', 21, 20, '2022-06-21', NULL, 'entrada'),
('7296866', 6, 'HRE00111655', 'Calle Granada, 3, 1 H', 32, 29, NULL, NULL, 'entrada'),
('7298332', 6, 'HRE00313010', 'CL Milagro 1- Olula del Río', 46, 26, '2021-12-01', 'VENDIDO', 'entrada'),
('7298373', 6, 'HRE00271200', 'CL CERVANTES 20', 46, 26, '2021-12-27', 'Vendido', 'entrada'),
('7300441', 6, 'HRE01058554', 'CL FELIPE VI 53 - Huércal-Overa (Almería)', 32, 5, '2022-09-22', NULL, 'entrada'),
('7302058', 6, 'HRE00112131', 'CALLE ORBITA, 2, PLANTA 1, PUERTA 19, S. J. DE LOS TERREROS', 51, 21, '2021-03-23', 'LLAVE EN TERREROS', 'entrada'),
('7302211', 6, 'HRE00281697', 'AVDA ALMERIA, 31, PL01C', 40, 26, NULL, 'VENDIDO', 'entrada'),
('7302943', 6, 'HRE00913596', 'Paraje ONEGAR. CORTIJO NUEVO S/N', 52, 12, '2021-12-23', 'CAMBIO CUSTODIO', 'salida'),
('7302969', 6, 'HRE00247175', 'PARAJE CABEZO DE LOSILLA', 70, 36, NULL, NULL, 'entrada'),
('7303098', 6, 'HRE00915801', 'CARRETERA LIJAR-CHERCOS 614 ESC 2 PL 1 PT 46', 34, 12, '2023-06-08', 'CAMBIO CUSTODIO', 'salida'),
('7303100 / 90488', 3, 'CM3363193', 'C/ TORRECILLA, 6 - ESC 2 - 4º A', 34, 12, '2024-03-05', 'VENDIDOS, NO FUNCIONAN INTERIOR', 'salida'),
('7303105', 6, 'HRE00915977', 'CARRETERA LIJAR-CHERCOS BLQ 1 4ºD', 34, 12, '2022-01-13', 'CAMBIO CUSTODIO', 'salida'),
('7303106 / 90469', 3, 'CM3363198', 'C/ TORRECILLA, 6 - ESC 2 - 1º B', 34, 12, '2024-03-05', 'VENDIDOS, NO FUNCIONAN INTERIOR', 'salida'),
('7303107', 6, 'HRE00915795', 'CARRETERA LIJAR-CHERCOS BLQ 2 2ºA', 34, 12, '2022-01-13', 'CAMBIO CUSTODIO', 'salida'),
('7303109', 6, 'HRE00915989', 'CARRETERA LIJAR-CHERCOS BLQ 1 3ºD', 34, 12, '2022-01-13', 'CAMBIO CUSTODIO', 'salida'),
('7303110 / 90479', 3, 'HRE00915999 / CM3363203', 'CARRETERA LIJAR-CHERCOS BLQ 2 2ºD', 34, 12, '2024-03-05', 'CAMBIO CUSTODIO', 'salida'),
('7303113', 6, 'HRE00915643', 'CARRETERA LIJAR-CHERCOS BLQ 1, 2ºB', 34, 12, '2022-01-13', 'CAMBIO CUSTODIO', 'salida'),
('7303115', 6, 'HRE00915619', 'CARRETERA LIJAR-CHERCOS 614 ES 1 PL 1 PT 41', 34, 12, '2023-06-08', 'CAMBIO CUSTODIO', 'salida'),
('7303118', 6, 'HRE00915987', 'CARRETERA LIJAR-CHERCOS BLQ 2 3ºA', 34, 12, '2022-01-13', 'CAMBIO CUSTODIO', 'salida'),
('7303120', 6, 'HRE00915982', 'CARRETERA LIJAR-CHERCOS BLQ 1 4ºC', 34, 12, '2022-01-13', 'CAMBIO CUSTODIO', 'salida'),
('7303121 / 90475', 3, 'HRE00915543 / CM3363208', 'CARRETERA LIJAR-CHERCOS BLQ 1 2ºD', 34, 12, '2024-03-05', 'CAMBIO CUSTODIO', 'salida'),
('7303122', 6, 'HRE00916108', 'CARRETERA LIJAR-CHERCOS BLQ 2 2ºB', 34, 12, '2022-01-13', 'CAMBIO CUSTODIO', 'salida'),
('7303123', 6, 'HRE00915962', 'CARRETERA LIJAR-CHERCOS BLQ 1 5ºC', 34, 12, '2022-01-13', 'CAMBIO CUSTODIO', 'salida'),
('7303125 / 90468', 3, 'HRE00915617 / CM3363213', 'CARRETERA LIJAR-CHERCOS BLQ 1 1ºD', 34, 12, '2024-03-05', 'CAMBIO CUSTODIO', 'salida'),
('7303126', 6, 'HRE00915994', 'CARRETERA LIJAR-CHERCOS BLQ 1 3ºC', 34, 12, '2022-01-13', 'CAMBIO CUSTODIO', 'salida'),
('7303128', 6, 'HRE00915627', 'CARRETERA LIJAR-CHERCOS BLQ 1 1ºB', 34, 12, '2022-01-13', 'CAMBIO CUSTODIO', 'salida'),
('7303131', 6, 'HRE00915544', 'CARRETERA LIJAR-CHERCOS 614 ES 1 PL 2 PT 50', 34, 12, '2023-06-08', 'CAMBIO CUSTODIO', 'salida'),
('7303132', 6, 'HRE00915612', 'CARRETERA LIJAR-CHERCOS BLQ 1 2ºA', 34, 12, '2022-01-13', 'CAMBIO CUSTODIO', 'salida'),
('7303133', 6, 'HRE00915951/HRE00915630', 'CARRETERA LIJAR-CHERCOS 614 ES 1 PL 1 PT 39', 34, 12, '2023-06-08', NULL, 'salida'),
('7303134', 6, 'HRE00915967', 'CARRETERA LIJAR-CHERCOS BLQ 1 5ºB', 34, 12, '2022-01-13', 'CAMBIO CUSTODIO', 'salida'),
('7303135', 6, 'HRE00915613', 'CARRETERA LIJAR-CHERCOS 614 ES 1 PL 1 PT 42', 34, 12, '2023-06-08', 'CAMBIO CUSTODIO', 'salida'),
('7303136 / 90478', 3, 'HRE00916004 / CM3363218', 'CARRETERA LIJAR-CHERCOS BLQ 2 2ºC', 34, 12, '2024-03-05', 'CAMBIO CUSTODIO', 'salida'),
('7303137', 6, 'HRE00915972', 'CARRETERA LIJAR-CHERCOS BLQ 1 5ºA', 34, 12, '2022-01-13', 'CAMBIO CUSTODIO', 'salida'),
('7303139', 6, 'HRE00915800', 'CARRETERA LIJAR-CHERCOS BLQ 2 1ºD', 34, 12, '2022-01-13', 'CAMBIO CUSTODIO', 'salida'),
('7303207', 6, 'HRE00260284', 'CALLE CUARTEL, 20', 40, 36, NULL, NULL, 'entrada'),
('7316260', 6, 'HRE01001737', 'AVENIDA ALCAZABA 115 PTA 1-1', 71, 20, '2022-07-13', NULL, 'entrada'),
('7320179 / DO-04599-0001', 6, 'HRE01085259', 'CALLE DOCTOR JIMENEZ DIAZ Nº21, LOCAL', 32, 34, '2024-07-25', '', 'salida'),
('7320180', 6, 'HRE01085264', 'CALLE DOCTOR JIMENEZ DÍAZ Nº23 ESC.4 BAJO PTA.8', 32, 26, '2022-12-17', 'TABLON', 'entrada'),
('7320213', 6, 'HRE00200032', 'Activo en venta en PJ FUENTE DEL PINO S/N - Vélez-Rubio (Almería)', 70, 26, '2021-11-19', '', 'entrada'),
('7327707', 6, 'HRE00111805 / HRE01001645 / HRE01058575', 'CALLE DPT LAS CUNAS 33', 21, 22, '2022-06-02', NULL, 'entrada'),
('7328457', 6, 'HRE00916248', 'CALLE PRINCIPAL 0', 16, 3, '2021-12-17', '', 'salida'),
('7385601', 6, 'HRE00112374', 'AV JUAN SEBASTIAN ELCANO 76', 71, 22, '2022-06-10', NULL, 'entrada'),
('7396796', 6, 'HRE00808749', 'AVDA DE LA VIÑA, 7 BAJO, PUERTA 13', 40, 12, '2021-03-02', '676274246', 'salida'),
('7396800', 6, 'HRE00300353', 'AVENIDA LA VIA 7 ESCALERA 000 PLANTA SS PUERTA 13', 40, 12, '2022-01-04', 'CAMBIO CUSTODIO', 'salida'),
('7403148', 6, 'HRE00854599', 'C/PUNTAL ESQUINA C/CADIZ Nº27 1ºF', 64, 35, '2022-03-08', NULL, 'salida'),
('7403153', 6, 'HRE00854588', 'C/PUNTAL ESQUINA C/CADIZ Nº27 1ºE', 64, 35, '2022-03-08', NULL, 'salida'),
('7403154', 6, 'HRE00854596', 'C/PUNTAL ESQ. C/ CADIZ 27 ESC.1 2ºG', 64, 35, '2022-03-14', NULL, 'salida'),
('7403156', 6, 'HRE00854586', 'C/PUNTAL ESQUINA C/CADIZ Nº27 2ºH', 64, 35, '2022-03-08', NULL, 'salida'),
('7403161', 6, 'HRE00854575', 'C/PUNTAL ESQUINA C/CADIZ Nº27 BJ-A', 64, 35, '2022-03-08', NULL, 'salida'),
('7423528', 6, 'HRE00300778', 'C LA HOYA 21 ESCALERA 000 PLANTA BAJA PUERTA 15', 46, 26, '2022-01-04', 'VENDIDO', 'entrada'),
('7431308', 6, 'HRE00153766', 'CALLE GRANADA Nº11 4ºA', 46, 12, '2023-02-01', 'CAMBIO CUSTODIO', 'salida'),
('7431756', 6, 'HRE00916341', 'CALLE DS MARCHAL POL 6 PARC 22 22', 67, 35, '2022-02-03', NULL, 'salida'),
('7432001', 6, 'HRE00660026', 'CL JOAQUIN ESCOBAR 92 GARAJE 33', 28, 20, '2022-12-16', NULL, 'entrada'),
('7432002', 6, 'HRE00891667', 'CL JOAQUIN ESCOBAR 92 GARAJE 45', 28, 20, '2022-12-16', NULL, 'entrada'),
('7433289', 6, 'HRE00915916 / HRE00915912', 'CALLE TAHAL Nº14 PL-1 PTA37', 40, 12, '2022-02-16', 'CAMBIO CUSTODIO', 'salida'),
('7433860', 6, 'HRE00112453', 'C/ CUEVAS, 7, TOPARES.', 69, 35, '2021-06-10', NULL, 'salida'),
('7434893', 6, 'HRE00794645 / HRE00370128', 'CALLE JOSE BARRANCO 65 BJ', 21, 20, '2022-04-22', NULL, 'entrada'),
('7459322', 6, 'HRE00916350', 'CL San Roque 10 - Sorbas', 58, 26, '2021-11-24', 'VENDIDO', 'entrada'),
('7459941', 6, 'HRE00261446 / HRE00796940 / HRE00486091', 'CALLA JESUS EL GALLITO Nº50 ESC. A, 1ºF', 28, 22, '2023-10-26', NULL, 'entrada'),
('7462264', 6, 'HRE00809459', 'PARAJE CUESTA BLANCA Poligono 8 Parcela 178', 52, 35, '2021-05-06', NULL, 'salida'),
('7467445', 6, 'HRE01056490', 'AVDA. RONDA Nº81 2ºF', 40, 26, '2023-04-14', 'VENDIDO', 'entrada'),
('7482746', 6, 'HRE00913595', 'AVDA. RONDA 79', 40, 4, '2022-01-28', 'VENDIDO', 'salida'),
('7482747', 6, 'HRE00776176 / HRE00913616', 'AVDA. RONDA 31 PL-1 PTA3', 40, 4, '2022-02-01', 'VENDIDO', 'salida'),
('7484740', 6, 'HRE00913601', 'PL DE LA CONSTITUCION 4', 10, 26, '2021-12-13', '', 'entrada'),
('7484745 /  CG-91641-0001', 6, 'HRE00642055', 'C/ ESPARRAGUERA 6 BAJO - C/ ALBOX', 64, 36, '2022-08-17', NULL, 'entrada'),
('7484746', 6, 'HRE03305036', 'GARAJE PLAZA DE LA CONSTITUCION Nº19 -1 PTA 19', 10, 26, '2023-09-29', NULL, 'entrada'),
('7486681', 6, 'HRE00305813', 'Calle Peñon 2', 70, 35, '2022-02-11', NULL, 'salida'),
('7486705', 6, 'HRE00256197', 'CALLE CANTINA, Nº 30, ALMAJALEJO', 32, 15, NULL, 'SALIDA 08/09/2022 INDALHOME', 'salida'),
('7486752', 6, 'HRE01005573', 'CL MEDIODIA 76, 2º A', 32, 5, '2022-05-04', NULL, 'entrada'),
('7486810', 6, 'HRE00398748', 'CALLE CURA VALERA Nº103 2ºA', 32, 26, '2022-02-24', 'VENDIDO', 'entrada'),
('7486891', 6, 'HRE00398848', 'CALLE ALGECIRAS Nº6 BJ-13', 32, 5, '2022-02-24', NULL, 'entrada'),
('7486918-PROPIAS', 6, NULL, 'C/CURA VALERA Nº77', 32, 11, '2022-03-11', NULL, 'salida'),
('7486922', 6, 'HRE01070060', 'CALLE LEPANTO Nº27', 46, 26, '2023-03-02', NULL, 'entrada'),
('7487010 / CJ-01817-0001', 6, 'HRE00981821 / HRE03241549', 'C/DUERO Nº20', 32, 11, '2022-03-09', 'NO VUELVEN POR VENTA', 'salida'),
('7487164', 6, 'HRE0081755', 'LAS CAÑADAS. POLIGONO 22 PARCELA 655', 70, 7, '2022-03-07', 'ORDEN DE CARMEN TOBARIAS', 'salida'),
('7487186', 6, 'HRE00809099/HRE01070433', 'CALLE ALGARROBO 7, 1ºH', 71, 4, '2022-04-22', NULL, 'salida'),
('7487232', 6, 'HRE00808851', '17/09/2024', 32, 26, '2022-02-17', NULL, 'entrada'),
('7487262', 6, 'HRE00808839', 'CALLE ESTACION Nº63 1ºA', 32, 11, '2022-02-17', NULL, 'salida'),
('7487288', 6, 'PROPIAS', 'BARRIO DE LAS MINAS 2', 32, 33, '2022-04-05', 'SOPHIA 10/07/2023', 'salida'),
('7487333', 6, 'HRE00243068', 'CALLE INDALO Nº12 1º 14', 21, 20, '2022-06-02', NULL, 'entrada'),
('7487420', 6, 'HRE01070003', 'CALLE CONCORDIA Nº1 1º PTA.2', 71, 12, '2023-01-04', NULL, 'salida'),
('7487482', 6, 'HRE008047', 'CALLE ESTACION Nº63 1ºD', 32, 11, '2022-02-17', NULL, 'salida'),
('7487600', 6, 'HRE00305817', 'CALLE RELOJ 2', 70, 7, '2022-02-11', 'ORDEN DE CARMEN TOBARIAS', 'salida'),
('7487616', 6, 'HRE01005405', 'CALLE ESTACION 63 2ºE', 32, 26, '2022-05-19', NULL, 'entrada'),
('7487740', 6, 'PROPIAS', 'FRENTE BODEGA 4', 21, 22, '2024-05-02', '', 'entrada'),
('7487860', 6, 'HRE00441419', 'CALLE ALGECIRAS Nº6 1º13 (PORTAL)', 32, 5, '2022-12-15', NULL, 'entrada'),
('7487893', 6, 'HRE00809707', 'Calle Calvo Sotelo 4', 58, 26, '2022-01-28', NULL, 'entrada'),
('7487896', 6, 'HRE00398605', 'PARAJE LA PARRA PARELA 65, POL 65', 32, 19, '2022-02-24', NULL, 'salida'),
('7488128', 6, 'HRE00762700', 'CALLE GRANADA  Nº19 BJ-A', 32, 26, '2022-02-24', NULL, 'entrada'),
('7488149', 6, 'PROPIAS', 'CALLE ALGARROBO, ATICO', 21, 22, '2023-10-09', NULL, 'entrada'),
('7488193', 6, 'HRE00808798', 'LOCAL CALLE BALCONES', 32, 26, '2022-04-22', 'ANTIGUO CODIGO 7030350', 'entrada'),
('7488269', 6, 'HRE00086157', 'Calle CUARTEL, 20, 1, Puerta 20', 40, 7, NULL, 'ORDEN DE CARMEN TOBARIAS', 'salida'),
('7488415 / CJ-01728-0001', 6, 'HRE00973622 / HRE007652624 / HRE01005734', 'PLAZA DEL GOBERNADOR Nº3', 32, 26, '2024-05-15', 'TABLON,1 COPIA A BALLESTA', 'entrada'),
('7488576', 6, 'HRE00305842', 'CALLE MENDEZ 13', 70, 11, '2022-02-11', 'DEVUELTAS JUAN LOPEZ PARRA INMOBILIARIA BALLESTA', 'salida'),
('7488601', 6, 'PROPIAS', 'AVDA SECANO 66 1º6B', 48, 22, '2024-05-02', '', 'entrada'),
('7488678', 6, 'HRE00243919', 'CL CANTERAS LAS 9 Es E Pl 02 Pt A', 28, 22, '2022-06-07', NULL, 'entrada'),
('7488731', 6, 'HRE00981558', 'C/CANTERAS Nº27 O 29 2ºB', 28, 22, '2022-03-10', NULL, 'entrada'),
('7488927', 6, 'HRE01046122 / HRE00997062', 'RES. ALFONSO XIII S/N BAJO PTA.2', 28, 22, '2023-08-14', NULL, 'entrada'),
('7489096', 6, 'PROPIAS', 'TRAVESÍA EL HONDON 0, CALLE ALGARROBO BAJO', 21, 22, '2023-10-09', NULL, 'entrada'),
('7489171 / CJ-00343-0001', 6, 'HRE00305814', 'CALLE LOZANO 5', 70, 26, '2022-02-11', NULL, 'entrada'),
('7489337', 6, NULL, 'CALLE INGRENIERO JORGE MORENO 16', 71, 20, '2022-04-22', 'SALIDA 08/09/2022 INDALHOME', 'entrada'),
('7489500', 6, 'HRE00330067', 'VIVIENDA CL INGENIERO JOSE MORENO 16 PL 2 PUERTA J', 71, 26, '2022-10-21', 'FORMA CONJUNTO CON 7489337', 'entrada'),
('7490895', 6, 'HRE00981168', 'GARAJE CALLE ZURBARÁN Nº11 PL-2 PUERTA 15', 42, 26, '2022-05-27', 'VENDIDO', 'entrada'),
('7490921', 6, 'HRE0089106', 'CALLE ALGARROBO 7, BAJO 24', 71, 11, '2022-04-22', 'PACO GRUPO ADELANTO 664504390', 'salida'),
('7491299', 6, 'HRE00996199', 'CALLE CONVENTO S/N', 16, 26, '2022-04-20', NULL, 'entrada'),
('7491548', 6, 'HRE00994173', 'AV 19 DE OCTUBRE, No: 1, Piso: 3ª, Puerta: 1', 75, 23, '2024-01-09', NULL, 'entrada'),
('7491560', 6, 'HRE01006285', 'AVDA 19 DE OCTUBRE Nº2 1º PTA 16', 75, 10, '2022-05-09', 'CAMBIO DE DELEGACION', 'salida'),
('7491769', 6, 'HRE00305820', 'PARAJE EL SENILLO 225', 70, 7, '2022-02-11', 'ORDEN DE CARMEN TOBARIAS', 'salida'),
('7491952', 6, 'HRE03241596', 'CL JOAQUIN ESCOBAR 119 - Garrucha', 28, 4, '2023-10-25', NULL, 'salida'),
('7496011', 3, NULL, 'AVENIDA ALMERIA 3 ESC 3 BAJO 11', 46, 12, '2023-12-02', 'CAMBIO CUSTODIO', 'salida'),
('7496013', 3, NULL, 'AVENIDA ALMERIA 3 ESC 3 BAJO 12', 46, 12, '2023-12-02', 'CAMBIO CUSTODIO', 'salida'),
('7496014', 3, NULL, 'AVENIDA ALMERIA 3 ESC 3 PL -1 PT 1', 46, 26, '2023-12-02', NULL, 'entrada'),
('7496016', 3, NULL, 'AVENIDA ALMERIA 3 ESC 3 BAJO 6', 46, 12, '2023-12-02', 'CAMBIO CUSTODIO', 'salida'),
('7496144 - 95251', 3, 'CM3357238', 'PARQUE ALFONSO LOZANO ORTEGA (EDIFICIO ANDALUCÍA) Nº 1, ESC E, BAJO, PTA 1', 16, 12, '2024-07-08', '', 'salida'),
('7496147 - 95249', 3, 'CM3357228', 'PARQUE ALFONSO LOZANO ORTEGA (EDIFICIO ANDALUCÍA) Nº 1, ESC E, SOTANO -1, PTA 1', 16, 12, '2024-07-08', '', 'salida'),
('7496149 - 95250', 3, 'CM3357208', 'AVDA OCCIDENTE Nº38 BAJO 2', 16, 12, '2024-07-08', 'NO FUNCIONABAN', 'salida'),
('7496151 - 95252', 3, 'CM3357233', 'PARQUE ALFONSO LOZANO ORTEGA (EDIFICIO ANDALUCÍA) Nº 3, ESC E, BAJO, PTA 2', 16, 12, '2024-07-08', '', 'salida'),
('7496190', 6, 'HRE03345633/HRE03346928', 'AVDA. LA VIÑA 2 PLANTA 1 PUERTA D', 40, 26, '2023-04-28', 'VENDIDO', 'entrada'),
('7497076', 6, 'HRE03346504', 'LUIS INTEGRAVAL', 40, 24, '2023-06-02', NULL, 'salida'),
('7497080', 6, 'HRE03346519', 'C/ TAHAL 15 ESC 1 PL 3 PUERTA A', 40, 27, '2023-06-02', 'FATIMA CAJAMAR 689 34 13 25', 'salida'),
('7497252', 6, 'HRE03346529', 'C/ TAHAL 15 ESC 1 PL 4 PUERTA A', 40, 27, '2023-06-02', 'FATIMA CAJAMAR 689 34 13 25', 'salida'),
('7497314 - 98020', 3, 'HRE03250093', 'POL INDUSTRIAL 26', 40, 26, '2023-07-31', NULL, 'entrada'),
('7497428', 6, 'HRE03346509', 'C/ TAHAL 15 ESC 1 PL BAJ PUERTA B', 40, 27, '2023-06-02', 'FATIMA CAJAMAR 689 34 13 25', 'salida'),
('7498579', 6, 'HRE00403648', 'CRTA LORCA BAZA', 49, 30, '2022-09-26', NULL, 'salida'),
('7498686', 6, 'HRE03346514', 'C/ TAHAL 15 ESC 1 PL BAJ PUERTA C', 40, 27, '2023-06-02', 'FATIMA CAJAMAR 689 34 13 25', 'salida'),
('7498691', 6, 'HRE03346524', 'C/ TAHAL 15 ESC 1 PL 3 PUERTA D', 40, 27, '2023-06-02', 'FATIMA CAJAMAR 689 34 13 25', 'salida'),
('7509960', 6, 'HRE00915881 / HRE03250940', 'PARAJE AL MOROC BAJO PTA 11', 64, 12, '2022-03-09', 'CAMBIO CUSTODIO', 'salida'),
('7510436 / 95522', 3, 'CM3361167', 'CALLE LOS CASTAÑOS 28', 58, 26, '2024-03-25', 'CAMBIO CUSTODIO', 'entrada'),
('7510725', 6, 'HRE01001746', 'PASEO MEDITERRANEO 273', 42, 26, '2022-07-13', 'VENDIDO', 'entrada'),
('7512528', 6, 'HRE00792042', 'CALLE MAESTRO PADILLA 1, 2º PTA2', 4, 35, '2022-12-19', NULL, 'salida'),
('7520138', 6, 'HRE01017799', 'CALLE RIO GRANDE Nº 18', 23, 26, '2023-04-11', 'VENDIDO', 'entrada'),
('7525255', 6, 'HRE00127227', 'Zona industrial nº1 bajo 1', 40, 26, '2023-02-08', NULL, 'entrada'),
('7534915', 3, 'CM3360733', 'CALLE PURCHENA 3', 46, 12, '2024-03-14', 'CAMBIO CUSTODIO', 'salida'),
('8616606', 5, NULL, 'La Hispanidad,8 B2 Bajo B', 46, 23, '2023-10-24', NULL, 'entrada'),
('90120', 7, NULL, 'SALVADOR MARTINEZ LAROCA 1ºE', 70, 35, '2022-11-23', NULL, 'salida'),
('952125', 6, 'SAR00101390', 'CALLE MAR DE JAVA 37, ESCALERA 2, BAJO 1, S. JUANDE LOS TERREROS.', 51, 36, '2021-04-04', 'LLAVE EN TERREROS', 'entrada'),
('A0-00700-001', 11, NULL, 'CL RICARDO FABREGA Nº 92 1 A - Tabernas - Almería', 60, 35, '2023-08-28', NULL, 'salida'),
('A0-27383-0001', 11, NULL, 'DESCONOCIDO', 32, 36, '2024-01-01', NULL, 'entrada'),
('A0-27383-0002', 11, NULL, 'DESCONOCIDO', 32, 36, '2024-01-01', NULL, 'entrada'),
('A0-27383-0003', 11, NULL, 'DESCONOCIDO', 32, 36, '2024-01-01', NULL, 'entrada'),
('A0-36282-0001', 11, NULL, 'DESCONOCIDO', 32, 36, '2024-01-01', NULL, 'entrada'),
('A0-56929-0001', 11, 'C3, C4', 'CALLE LA PERDIZ Nº8', 60, 23, '2024-05-21', '', 'entrada'),
('AAA1405012', 1, '162506', 'TIJOLA 23 1 PL4 PTAA', 4, 26, '2023-01-16', NULL, 'entrada'),
('AAA1405013', 1, '171859', 'TIJOLA 23 1 PL4 PTAC', 4, 26, '2023-01-16', NULL, 'entrada'),
('ALI0000073497', 1, NULL, 'PZ GRAJE C/ALBARDIN Nº1, RES. VERANDA BQ 8 PL-1 PZ 103, VERA', 71, 20, '2022-04-26', NULL, 'entrada'),
('ALI0000073498', 1, NULL, 'PZ GRAJE C/ALBARDIN Nº1, RES. VERANDA BQ 8 PL-1 PZ 104, VERA', 71, 20, '2022-04-26', NULL, 'entrada'),
('ALI0000073691', 1, NULL, 'GARAJE Nº134 C/ALBARDIN 3', 71, 20, '2022-07-13', NULL, 'entrada'),
('ALI0000077191', 1, '', 'ISLA DEL FRAILE, BQ 5, 2ºA, 2 BAJO A', 2, 21, NULL, NULL, 'entrada'),
('ALI0000077193', 1, '', 'CL ANTONIO CAMPOS MULA-TORIB 5, Es:1, Pl:00, Pt:0A, ISLA DEL FRAILE', 2, 21, NULL, NULL, 'entrada'),
('ALI0000077199', 1, '', 'ISLA DEL FRAILE, BQ 9, 2º A, 9, 2, 2ºA', 2, 21, NULL, NULL, 'entrada'),
('ALI0000078472', 1, NULL, 'CHALET, COMPJ PUEBLO SALINAS,FASE II A, Nº 20', 71, 20, NULL, NULL, 'entrada'),
('ALI0000078474', 1, NULL, 'CHALET, COMPJ PUEBLO SALINAS,FASE II A, Nº 22', 71, 20, NULL, NULL, 'entrada'),
('ALI0000078481', 1, NULL, 'BUNGALOW,COMP.PUEBLO SALINAS,FASE II A,PTAL 20,BJ 3-VERA', 71, 20, '2022-10-07', NULL, 'entrada'),
('ALI0000078510', 1, NULL, 'VIVIENDA 2º9 CON ANEJOS,PUEBLO SALINAS FASE II.A-VERA (2 llaves)', 71, 20, '2021-04-22', NULL, 'entrada'),
('ALI0000078523', 1, NULL, 'AV ALCAZABA 115 Es:23 Pl:01 Pt:12 PUEBLO SALINAS -FASE II-A', 71, 20, '2021-06-22', NULL, 'entrada'),
('ALI0000078524', 1, NULL, 'AV ALCAZABA 115 Es:23 Pl:02 Pt:13 PUEBLO SALINAS -FASE II-A', 71, 20, '2021-06-22', NULL, 'entrada'),
('ALI0000078526', 1, NULL, 'VIVIENDA 2º15 CON ANEJOS,PUEBLO SALINAS FASE II.A', 71, 36, '2021-07-01', NULL, 'entrada'),
('ALI0000078527', 1, NULL, 'VIVIENDA 2º16 CON ANEJOS,PUEBLO SALINAS FASE II.A', 71, 36, '2021-07-01', NULL, 'entrada'),
('ALI0000078528', 1, NULL, 'AV ALCAZABA 115 Es:23 Pl:02 Pt:17 PUEBLO SALINAS -FASE II-A', 71, 20, '2021-06-22', NULL, 'entrada'),
('ALI0000078530', 1, NULL, 'VIVIENDA BAJO 2 CON ANEJOS,PUEBLO SALINAS FASE II.A', 71, 36, '2021-07-01', NULL, 'entrada'),
('ALI0000078531', 1, NULL, 'VIVIENDA BAJO 3 CON ANEJOS,PUEBLO SALINAS FASE II.A', 71, 36, '2021-07-01', NULL, 'entrada'),
('ALI0000078533', 1, NULL, 'VIVIENDA BJO 5 CON ANEJOS,PUEBLO SALINAS FASE II.A', 71, 36, '2021-07-01', NULL, 'entrada'),
('ALI0000078534', 1, NULL, 'AV ALCAZABA 115 Es:24 Pl:00 Pt:06 PUEBLO SALINAS -FASE II-A', 71, 36, '2021-07-02', NULL, 'entrada'),
('ALI0000078535', 1, NULL, 'AV ALCAZABA 115 Es:24 Pl:01 Pt:07 PUEBLO SALINAS -FASE II-A', 71, 36, '2021-07-02', NULL, 'entrada'),
('ALI0000078536', 1, NULL, 'AV ALCAZABA 115 Es:24 Pl:01 Pt:08 PUEBLO SALINAS -FASE II-A', 71, 28, '2021-07-02', NULL, 'entrada'),
('ALI0000078539', 1, NULL, 'VIVIENDA 1º11 CON ANEJOS,PUEBLO SALINAS FASE II.A', 71, 36, '2021-07-02', NULL, 'entrada'),
('ALI0000078540', 1, NULL, 'AV ALCAZABA 115 Es:24 Pl:01 Pt:12 PUEBLO SALINAS -FASE II-A', 71, 36, '2021-07-02', NULL, 'entrada'),
('ALI0000078541', 1, NULL, 'VIVIENDA 2º13 CON ANEJOS,PUEBLO SALINAS FASE II.A', 71, 36, '2021-07-01', NULL, 'entrada'),
('ALI0000078542', 1, NULL, 'VIVIENDA 2º14 CON ANEJOS,PUEBLO SALINAS FASE II.A', 71, 36, '2021-07-01', NULL, 'entrada'),
('ALI0000078543', 1, NULL, 'VIVIENDA 2º15 CON ANEJOS,PUEBLO SALINAS FASE II.A', 71, 36, '2021-07-01', NULL, 'entrada'),
('ALI0000078544', 1, NULL, 'VIVIENDA 2º16 CON ANEJOS,PUEBLO SALINAS FASE II.A', 71, 36, '2021-07-01', NULL, 'entrada'),
('ALI0000078545', 1, NULL, 'VIVIENDA 2º17 CON ANEJOS,PUEBLO SALINAS FASE II.A', 71, 36, '2021-07-01', NULL, 'entrada'),
('ALI0000078546', 1, NULL, 'VIVIENDA 2º18 CON ANEJOS,PUEBLO SALINAS FASE II.A', 71, 36, '2021-07-01', NULL, 'entrada'),
('ALI0000078550', 1, NULL, 'VIVIENDA BAJO 4 CON ANEJOS,PUEBLO SALINAS FASE II.A', 71, 22, NULL, NULL, 'entrada'),
('ALI0000078556', 1, NULL, 'AV ALCAZABA 115 Es:26 Pl:00 Pt:01 PUEBLO SALINAS -FASE II-A', 71, 22, '2021-04-07', NULL, 'entrada'),
('ALI0000078559', 1, NULL, 'PUEBLO SALINAS 26.1.9', 71, 4, '2023-09-12', NULL, 'salida'),
('ALI0000078561', 1, '', 'PUEBLO SALINAS 26-1-1', 71, 4, '2022-01-24', '', 'salida'),
('ALI0000078564', 1, 'PROPIAS', 'PUEBLO SALINAS 27.0.1', 71, 22, '2024-01-16', NULL, 'entrada'),
('ALI0000078574', 1, '', 'VIVIENDA 2º16 CON ANEJOS,PUEBLO SALINAS FASE II.A (DOS JUEGOS DE LLAVES)', 71, 28, '2021-07-08', '', 'entrada'),
('ALI0000078577', 1, NULL, 'VIVIENDA BAJO 3 CON ANEJOS,PUEBLO SALINAS FASE II.A', 71, 20, '2021-04-07', NULL, 'entrada'),
('ALI0000083592', 1, 'AAA00095900', 'LOCAL COM AVDA DE LOS JORNALEROS Nº 18 PL BJ PTA 18', 8, 4, '2024-05-08', '', 'salida'),
('ALI0000086312', 1, NULL, 'CALLE ANTONIO CAMPOS MULA EL TORIBIO VROS NºS, Nº 8, 1B', 2, 21, '2021-03-09', NULL, 'entrada'),
('ALI0000086314', 1, '', 'VIVIENDA 8-1-2-B URB JARDINES DE ALMENARA', 2, 21, NULL, NULL, 'entrada'),
('ALI0000086483', 1, '', 'AV SLA DEL FRAILE 3 Es:3 Pl:02 Pt:0D', 2, 21, NULL, NULL, 'entrada'),
('ALI0000086486', 1, '', 'AV ISLA DEL FRAILE 5 Es:6 Pl:03 Pt:0E', 2, 21, NULL, NULL, 'entrada'),
('ALI0000086489', 1, '', 'AV ISLA DEL FRAILE 5 Es:7 Pl:05 Pt:0I', 2, 21, NULL, NULL, 'entrada'),
('ALI0000093927', 1, NULL, 'CASA CORTIJO CON PARCELA,PRAJE CORTIJO DE ARBOLEAS -ARBOLEAS', 10, 23, '2023-09-15', NULL, 'entrada'),
('ALI0000093929', 1, NULL, 'LOCAL COM AVDA AVDA.ANDALUCIA LC1 Nº 2 PTA 1', 47, 4, '2021-05-12', 'DEVOLUCION 08/07', 'salida'),
('ALI0000094703', 1, NULL, 'PISO CTRA CAMPAMENTO Nº23, 1º B', 31, 35, '2021-03-18', NULL, 'salida'),
('ALI0000111374', 1, NULL, 'PISO,AVDA.DEL FARO DE MESA ROLDAN Nº106', 17, 23, '2021-07-07', NULL, 'entrada'),
('ALI0000119581', 1, NULL, 'LOCAL CL SORBAS 44', 17, 26, '2022-09-29', NULL, 'entrada'),
('ALI0000119598', 1, '', 'GARAJE, C/LAS AVENIDAS, 8 SSTNO. PZ.Nº3', 17, 23, NULL, NULL, 'entrada'),
('ALI0000121990', 1, 'AAA00106334', 'CALLE ESTRELLA DE MAR S/N 1ºB', 21, 4, '2025-01-14', '', 'salida'),
('ALI0000121991', 1, 'AAA00099972', 'CALLE ESTRELLA DE MAR S/N 1ºC', 21, 4, '2024-01-14', '', 'salida'),
('ALI0000121993', 1, 'AAA00106753', 'CALLE ESTRELLA DE MAR S/N 2ºA', 21, 4, '2025-01-14', '', 'salida'),
('ALI0000121995', 1, 'AAA00100028', 'CALLE ESTRELLA DE MAR S/N 2ºC', 21, 4, '2025-01-14', '', 'salida'),
('ALI0000121996', 1, 'AAA00105777', 'CALLE ESTRELLA DE MAR S/N 2ºD', 21, 4, '2025-01-14', '', 'salida'),
('ALI0000121997', 1, 'AAA00105696', 'CALLE ESTRELLA DE MAR S/N 3ºA', 21, 4, '2025-01-14', 'HACEMOS COPIA 22/04/2025 Y SE LA DAMOS A JUAN LUIS', 'salida'),
('ALI0000121998', 1, 'AAA00104858', 'CALLE ESTRELLA DE MAR S/N 3ºB', 21, 4, '2025-01-14', '', 'salida'),
('ALI0000139514', 1, NULL, 'AVDA DEL MAR, 9, BQ 3, 1º APTO 29, MIRAMAR (3 LLAVES)', 42, 23, NULL, NULL, 'entrada'),
('ALI0000139527', 1, NULL, 'APTO,AV.DEL MAR,9 BQ.6 BJº APTO.60 MIRAMAR MARINA GOLF', 42, 23, '2021-03-24', NULL, 'entrada'),
('ALI0000139529', 1, NULL, 'APTO,AV.DEL MAR,9 BQ.6 BJº APTO.62 MIRAMAR MARINA GOLF', 42, 23, '2021-04-04', NULL, 'entrada'),
('ALI0000139531', 1, '', 'APTO,AV.DEL MAR,9 BQ.7 BJº APTO.73 MIRAMAR MARINA GOLF-MOJAC', 42, 23, '2021-07-22', 'DEVOLUCION 19/08/2021', 'entrada'),
('ALI0000139532', 1, '', 'APTO,AV.DEL MAR,9 BQ.7 BJº APTO.74 MIRAMAR MARINA GOLF-MOJAC', 42, 23, '2021-07-22', '', 'entrada'),
('ALI0000139544', 1, '', 'APTO,AV.DEL MAR,9 BQ.9 BJº APTO.100 MIRAMAR MARINA GOLF-MOJA', 42, 23, '2021-07-22', '', 'entrada'),
('ALI0000146552', 1, '', 'CL PERIODISTA AGUSTIN MUÑOZ 6 Es:1 Pl:01 Pt:0B', 2, 21, NULL, NULL, 'entrada'),
('ALI0000148542', 1, '215135', 'PISO, C/ JOSE SILES ARTES 23,PL BJ PT 3-CUEVAS DEL ALMANZORA', 21, 35, '2023-09-25', NULL, 'salida'),
('ALI0000148543', 1, NULL, 'C/ JOSE SILES ARTES 23,PL BJ PT 4-CUEVAS DEL ALMANZORA', 21, 35, '2023-07-10', NULL, 'salida'),
('ALI0000148544', 1, NULL, 'CALLE JOSE SILES ARTES 23 BAJO 5', 21, 35, '2023-07-21', NULL, 'salida'),
('ALI0000148549', 1, 'PROPIAS', 'PISO, C/ JOSE SILES ARTES 23,PL 1 PT 10-', 21, 20, NULL, NULL, 'entrada'),
('ALI0000152891', 1, '217328', 'AVENIDA ALHAMBRA, Nº 1 BLQ.E ESC.3 PL.1º PTA.B', 71, 4, '2023-05-09', 'ISA VENDIDO', 'salida'),
('ALI0000156605', 1, NULL, 'CALIFATO,VIV. 84.2,NIVEL 3,BLQ 16,1º TIPO 5B', 42, 23, '2023-09-01', NULL, 'entrada'),
('ALI000078574', 1, NULL, 'VIVIENDA 2º16 CON ANEJOS,PUEBLO SALINAS FASE II.A', 71, 28, '2021-07-07', NULL, 'entrada'),
('AUT1', 5, NULL, 'CALLE DOCTRO JIMENES DIAZ, 10, 2º , PUERTA 9, TRASTERO.', 32, 36, '2021-07-02', NULL, 'entrada'),
('AUT10', 6, NULL, 'CALLE COSENTINO, 77, LOCAL 42', 40, 36, NULL, NULL, 'entrada'),
('AUT11', 6, NULL, 'POLIGONO S/N PARCELA H17/1 (NAVE)', 40, 36, NULL, NULL, 'entrada'),
('AUT12', 6, NULL, 'Calle ALBAIDA, 9', 40, 36, NULL, NULL, 'entrada'),
('AUT13', 6, 'HRE00111918', 'LOCAL AVDA LOS ESCOLARES', 51, 36, NULL, NULL, 'entrada'),
('AUT14', 1, NULL, 'LOS GERANEOS, FASE II, PLANTA 3, ESCALERA 2, 3º B. (COPIA)', 2, 21, '2024-01-01', NULL, 'entrada'),
('AUT15', 9, NULL, 'MIRADOR LA MARINA 1 BQ 4 BAJO 33', 42, 18, '2022-11-04', 'SALIDA 4/11/2022 ELISKA VERASUR INMOBILIARIA', 'salida'),
('AUT16', 6, '7100173', 'CALLE COLON 7 , 4ºC', 32, 8, '2022-11-30', 'FIRMAN LA SEMANA PRÓXIMA', 'salida'),
('AUT17', 9, 'PROPIAS', 'ISRAEL PALOMARES 35 201', 21, 22, '2023-10-09', NULL, 'entrada'),
('AUT18', 9, 'PROPIAS', 'JOSE SILES BAJO 3 PALOMARES', 21, 22, '2023-10-16', 'VICTOR CALDERA', 'entrada'),
('AUT19', 7, '4945520', 'DESCONOCIDO', 32, 25, '2024-01-15', NULL, 'entrada'),
('AUT2', 5, NULL, 'CALLE PLACIDO PEDROSA, Nº 5', 24, 36, '2021-07-06', NULL, 'entrada'),
('AUT20', 1, 'PROPIAS', 'PUEBLO SALINAS 26.0.1', 71, 22, '2024-01-16', NULL, 'entrada'),
('AUT21', 1, 'PROPIAS', 'PUEBLO SALINAS 26.0.3', 71, 22, '2024-01-16', NULL, 'entrada'),
('AUT22', 1, 'PROPIAS', 'PUEBLO SALINAS 25.0.4', 71, 22, '2024-01-16', NULL, 'entrada'),
('AUT23', 1, 'AAA1393020', 'DESCONOCIDO', 51, 28, '2024-02-02', NULL, 'entrada'),
('AUT24', 3, 'CM3361175', 'DESCONOCIDO', 32, 36, '2024-04-01', NULL, 'entrada'),
('AUT25', 5, 'PROPIAS', 'CALLE RINCON 2', 66, 22, '2024-05-02', '', 'entrada'),
('AUT26', 3, 'CM3359700', 'DESCONOCIDO', 32, 36, '2024-08-02', NULL, 'entrada'),
('AUT27', 1, 'AAA00448888', 'CALLE TIJOLA ESC 1 4ºC', 4, 23, '2024-11-28', '', 'entrada'),
('AUT3', 6, 'HRE00197034', 'LOS BLANCOS', 19, 23, '2021-12-30', '', 'entrada'),
('AUT4', 5, 'PROPIAS', 'C/ ROMERO Nº7 2ºC', 16, 23, '2022-03-28', NULL, 'entrada'),
('AUT5', 5, NULL, 'C/RINCÓN Nº2', 66, 20, '2022-05-16', NULL, 'entrada'),
('AUT6', 1, '', 'URB. LOS GERANEOS Nº 2, BLOQUE 3, ESCALERA 1, P 1º(COPIA)', 2, 21, NULL, NULL, 'entrada'),
('AUT7', 1, '', 'CALLE LOTERIA 7, 2ºB (COPIA)', 2, 21, NULL, NULL, 'entrada'),
('AUT8', 6, '5146138', 'PROMOCION URBANIZ. CERRO DEL CURA', 37, 36, NULL, NULL, 'entrada'),
('AUT9', 6, NULL, 'CALLE COSENTINO, 77, LOCAL 41', 40, 36, NULL, NULL, 'entrada'),
('C1-10184-0001', 11, '', 'CALLE MAESTRO LAZARO Nº5 4ºB', 64, 23, '2025-01-24', '', 'entrada'),
('C1-13554-0001', 11, 'CO3', 'AVDA. DE LAS ESTRELLAS Nº16', 21, 28, '2025-02-11', 'TABLON', 'entrada'),
('C1-24404-0002', 11, '3 COPIAS', 'AVENIDA ANDALUCIA Nº1 GARAJE 75 TRASTERO 73', 40, 26, '2024-10-04', '', 'entrada'),
('C1-24404-0005', 11, '3 COPIAS', 'AVENIDA ANDALUCIA Nº1 GARAJE 56 TRASTERO 68', 40, 26, '2024-09-27', '', 'entrada'),
('C1-24431-0001', 11, '', 'CALLE BLAS INFANTE Nº28 ESC2 1º5', 4, 23, '2025-01-24', '', 'entrada'),
('C1-24431-0002', 11, NULL, 'CALLE BLAS INFANTE Nº28 F', 4, 28, '2025-03-04', NULL, 'entrada'),
('C1-24668-0001', 11, 'INT00071320', 'CALLE DE LOS JACINTOS Nº4', 51, 28, '2025-05-16', NULL, 'entrada'),
('C2-01618-0001', 11, 'CO2', 'CL RAMON Y CAJAL Nº 5 A', 4, 26, '2025-02-26', NULL, 'entrada'),
('C2-02168-0001', 11, NULL, 'CR LA ROZA Nº19A', 1, 26, '2025-03-25', NULL, 'entrada'),
('C2-02168-0004', 11, NULL, 'CR LA ROZA Nº19B', 1, 26, '2025-02-26', NULL, 'entrada'),
('C6-04596-0001', 11, NULL, 'CALLE ANTONIO MACHADO Nº31', 40, 23, '2025-03-26', NULL, 'entrada'),
('C6-05771-0001', 11, NULL, 'CALLE QUITAPELLEJOS Nº13 A7', 21, 28, '2025-03-26', NULL, 'entrada'),
('C6-07682-0001', 11, 'INT00050148', 'CALLE ORIENTE Nº19', 69, 28, '2025-05-09', NULL, 'entrada'),
('C7-01444-0001', 11, NULL, 'CALLE AMARGUILLOS Nº2 A1', 71, 26, '2025-04-16', NULL, 'entrada'),
('CAMBIO CUSTODIO', 3, 'CM3359647', 'CALLE AMADOR TAPIA Nº6 2ºF', 46, 12, '2024-11-04', 'TABLON OFICINA, BUHARDILLAS', 'salida'),
('CAN0000094702', 1, '', 'LOCAL,CRTA.CAMPAMENTO, Nº 2, BAJO', 31, 26, '2024-01-11', 'TENIAMOS 3 JUEGOS NOS QUEDAMOS 1', 'entrada'),
('CAN0000161948', 1, NULL, 'DUPLEX PASAJE VILLA ANITA 1 BJ 13', 21, 4, '2022-07-15', 'PROPIA ISA 02/05/2024 - VENDIDO', 'salida'),
('CAN0000168822', 1, NULL, 'GARAJE CALLE SOTAVENTO 2 ESC B PL -1 PZ 61', 71, 22, '2022-09-06', NULL, 'entrada'),
('CAN0000169765', 1, NULL, 'TRASTERO CALLE MONTERROEL Nº 47, S -1, TR 15', 4, 23, '2021-03-01', NULL, 'entrada'),
('CAN0000169841', 1, '', 'LOCAL CALLE MONTERROEL Nº 47, BAJO D-ALBOX', 4, 4, '2023-07-28', '', 'salida'),
('CAN0000169842', 1, NULL, 'LOCAL CALLE MONTERROEL N 47 BAJO E', 4, 35, '2023-07-25', NULL, 'salida'),
('CAN0000169843', 1, '', 'LOCAL CALLE MONTERROEL Nº 47, BAJO F-ALBOX', 4, 23, '2024-02-16', '', 'entrada'),
('CAN0000169852', 1, NULL, 'TRASTERO DE PLAZA DE GARAJE, CALLE MONTERROEL Nº 47, 2º I', 4, 23, '2021-03-17', NULL, 'entrada'),
('CAN0000169879', 1, NULL, 'VIVIENDA CALLE MONTERROEL Nº 47, BAJO C', 4, 23, '2021-06-22', NULL, 'entrada'),
('CAN0000169880', 1, NULL, 'CALLE MONTERROEL Nº47 BJ-G', 4, 26, '2022-02-03', 'DEVOLUCIÓN 19/03/2022', 'entrada'),
('CAN0000169881', 1, '', 'VIVIENDA SIN TERMINAR C/ MONTERROEL Nº 47, BAJO H, ALBOX', 4, 23, '2022-05-25', NULL, 'entrada'),
('CAN0000169882', 1, '', 'VIVIENDA CALLE MONTERROEL Nº 47, BAJO I-ALBOX', 4, 4, '2022-05-26', NULL, 'salida'),
('CAN0000169884', 1, '', 'VIVIENDA CALLE MONTERROEL Nº 47, 1º G-ALBOX', 4, 23, '2022-05-25', NULL, 'entrada'),
('CAN0000169885', 1, '', 'VIVIENDA CALLE MONTERROEL Nº 47, 1º H-ALBOX', 4, 23, '2021-07-26', '', 'entrada'),
('CAN0000169894', 1, NULL, 'VIVIENDA CALLE MONTERROEL Nº 47, 2º J', 4, 23, '2021-07-01', 'VENDIDO', 'entrada'),
('CAN0000169895', 1, NULL, 'VIVIENDA CALLE MONTERROEL Nº 47, 2º K', 4, 23, '2021-04-19', NULL, 'entrada'),
('CAN0000169902', 1, NULL, 'VIVIENDA CALLE MONTERROEL Nº 47, 3º G', 4, 23, '2022-01-31', 'DEVOLUCION 05/02/2022', 'entrada'),
('CAN0000172619', 1, NULL, 'Avenida Alcazaba 115 ES26 PT3 Pueblo Salinas', 71, 20, '2023-08-21', NULL, 'entrada'),
('CAN0000172621', 1, NULL, 'Avenida Alcazaba 115 ES26 PT5 Pueblo Salinas', 71, 20, '2023-08-21', NULL, 'entrada'),
('CAN0000172622', 1, NULL, 'PUEBLO SALINAS 27,1,7', 71, 20, '2023-08-25', 'ORIGINAL DEVUELTA A CUSTODIO', 'entrada'),
('CAN0000172623', 1, NULL, 'PISO, UR. PUEBLO SALINAS, AV ALCAZABA 115, ESC 27 2º17', 71, 20, '2022-02-22', NULL, 'entrada'),
('CAN0000174705', 1, '', 'PISO, C/ SICILIA 5, 2º C - AGUILAS', 2, 21, '2021-08-27', 'DEVOLUCION 21/12/2021', 'entrada'),
('CAN0000176331', 1, NULL, 'VI.C/MONTERROEL Nº 47, ESC 1, PL 2,PTA D', 4, 4, '2022-03-03', NULL, 'salida'),
('CAN0000176333', 1, NULL, 'VI.C/MONTERROEL Nº 47, ESC 1, PL 2,PTA H', 4, 23, '2022-02-20', NULL, 'entrada'),
('CAN0000179827', 1, 'AAA00095994', 'LOCAL COMERCIAL AV COSTA LEVANTE 1(B) Es:E Pl:00 Pt:L2 SECTOR 7-MARINA TORRE', 42, 23, '2022-01-25', '', 'entrada'),
('CAN0000179828', 1, 'AAA00097539', 'LOCAL COMERCIAL AV COSTA LEVANTE 1(B) Es:E Pl:00 Pt:L3 SECTOR 7-MARINA TORRE', 42, 23, '2022-01-25', '', 'entrada'),
('CAN0000179829', 1, 'AAA00096001', 'LOCAL COMERCIAL AV COSTA LEVANTE 1(B) Es:E Pl:00 Pt:L5 SECTOR 7-MARINA TORRE', 42, 23, '2023-10-05', '', 'entrada'),
('CAN0000179830', 1, 'AAA00096052', 'LOCAL COMERCIAL AV COSTA LEVANTE 1(B) Es:E Pl:00 Pt:L6 SECTOR 7-MARINA TORRE', 42, 23, '2023-10-05', '', 'entrada'),
('CAN0000179831', 1, 'AAA00097565', 'LOCAL COMERCIAL AV COSTA LEVANTE 1(B) Es:E Pl:00 Pt:L8 SECTOR 7-MARINA TORRE', 42, 23, '2023-10-05', '', 'entrada'),
('CAN0000179832', 1, '', 'LOCAL COMERCIAL AV COSTA LEVANTE 1(B) Es:E Pl:00 Pt:L9 SECTOR 7-MARINA TORRE', 42, 23, '2022-01-25', '', 'entrada'),
('CAN0000179833', 1, 'AAA00095991', 'LOCAL COMERCIAL AV COSTA LEVANTE 1(B) Es:E Pl:00 Pt:L10 SECTOR 7-MARINA TORRE', 42, 23, '2023-10-05', '', 'entrada'),
('CAN0000179834', 1, '', 'LOCAL COMERCIAL AV COSTA LEVANTE 1(B) Es:E Pl:00 Pt:L16 SECTOR 7-MARINA TORRE', 42, 4, '2023-10-05', '', 'salida'),
('CAN0000179835', 1, 'AAA00096043 / AAA00503536', 'LOCAL COMERCIAL AV COSTA LEVANTE 1(B) Es:E Pl:00 Pt:L17 SECTOR 7-MARINA TORRE', 42, 23, '2025-02-10', '', 'entrada'),
('CAN0000179836', 1, '', 'LOCAL COMERCIAL AV COSTA LEVANTE 1(B) Es:E Pl:00 Pt:L18 SECTOR 7-MARINA TORRE', 42, 23, '2022-01-25', 'DEVOLUCIÓN 18/03/2022', 'entrada'),
('CAN0000179837', 1, 'AAA00098288', 'LOCAL COMERCIAL AV COSTA LEVANTE 1(B) Es:E Pl:00 Pt:L19 SECTOR 7-MARINA TORRE', 42, 23, '2023-10-05', '', 'entrada'),
('CAN0000180968', 1, NULL, 'LOCAL ALMACEN EN AVENIDA DE GARRUCHA Nº1 PL-1, CARBONERAS', 17, 4, '2023-02-13', NULL, 'salida'),
('CAN0000186279', 1, 'AAA00096033', 'VIVIENDA CALLE AGATA Nº2,PL:1,PTA:11,MOJACAR', 42, 23, '2024-05-21', 'PROPIAS', 'entrada'),
('CAN0000186305', 1, NULL, 'PISO URB.LOS COLLADOS ZIESCHANG II Nº15,PL:2,PTA:C', 2, 21, '2021-07-01', 'DEVOLUCION 19/08/2021', 'entrada'),
('CAN0000186309', 1, NULL, 'PISO URB.LOS COLLADOS ZIESCHANG II Nº15,PL:5,PTA:F', 2, 21, '2021-07-01', NULL, 'entrada'),
('CAN0000186432', 1, 'AAA00099566 / AAA00099563 / AAA00099565', 'LOCAL CALLE COSTA LEVANTE 1 LOCAL 25', 42, 28, '2024-07-04', 'VENTA', 'entrada'),
('CAN0000191982', 1, 'AAA00485189', 'AVDA. COSTA LEVANTE S/N BAJO 7', 42, 23, '2024-12-21', '', 'entrada'),
('CAN0000192285', 1, 'AAA00104547', 'CALLE JOSE ANTONIO 1º ALTA TIPO A, VERA', 71, 4, '2024-05-03', NULL, 'salida'),
('CAN0000192291', 1, '250213', 'VIVIENDA, CALLE ALBARDIN Nº3 BLOQ 1 PL 4 PTA 10,', 71, 20, '2023-05-26', NULL, 'entrada'),
('CAN0000192295', 1, NULL, 'VIVIENDA CALLE ALBARDIN 3 BQ 6 PL 2 PTA 5', 71, 4, '2022-11-17', 'ISA VENDIDO', 'salida'),
('CAN0000192297', 1, NULL, 'CALLE ALBARDIN Nº3 BLOQ 7 PL BJ PTA 2,', 71, 20, '2022-12-16', NULL, 'entrada'),
('CAN0000192301', 1, NULL, 'VIVIENDA CALLE ALBARDIN 3 BQ 11 PL 3 PTA 7', 71, 4, '2022-11-17', NULL, 'salida'),
('CAN0000194946', 1, NULL, 'SUELO CONST. PARCELAS RA19A Y RA19B PROY.REPARC.UE2', 42, 23, '2022-11-18', NULL, 'entrada'),
('CAN0000197422', 1, 'COPIA PROPIA', 'CL GLORIETA DE LA 2(D) Es:A Pl:00 Pt:01', 42, 28, '2023-08-26', 'ORIGINAL DEVUELTA A CUSTODIO', 'entrada'),
('CAN0000197423', 1, 'COPIA PROPIA', 'CL GLORIETA DE LA 2(D) Es:A Pl:03 Pt:07', 42, 28, '2023-08-26', 'ORIGINAL DEVUELTA A CUSTODIO', 'entrada'),
('CAN0000197424', 1, 'COPIA PROPIA', 'CL GLORIETA DE LA 2(D) Es:A Pl:01 Pt:07', 42, 28, '2023-08-26', '', 'entrada'),
('CAN0000197425', 1, 'AAA00107439', 'CALLE GLORIETA 6, PL 4, PTA 26 C', 42, 23, '2024-12-24', '', 'entrada'),
('CAN0000197427', 1, 'COPIA PROPIA', 'CL GLORIETA DE LA 2(D) Es:A Pl:00 Pt:02', 42, 28, '2023-08-26', 'ORIGINAL DEVUELTA A CUSTODIO', 'entrada'),
('CAN0000197428', 1, 'CASA PROPIA', 'CL GLORIETA DE LA 2(D) Es:A Pl:02 Pt:03', 42, 28, '2023-08-26', 'ORIGINAL DEVUELTA A CUSTODIO', 'entrada'),
('CAN0000197458', 1, NULL, 'PISO,C.GUILLERMO SIMONELLI 26,PTL 2, 2B', 75, 23, '2025-04-11', NULL, 'entrada'),
('CAN0000197746', 1, 'AAA00107176', 'CALLE GLORIETA 2,PL 4,PTA 13,MOJACAR', 42, 4, '2024-05-08', '1 JUAN 1OFICINA', 'salida'),
('CG-00841-0002', 11, 'CO4', 'CALLE NORTE 27', 47, 26, '2025-01-25', '', 'entrada'),
('CG-33439-0001', 11, NULL, 'LG Paraje Aljibe y las Zurraderas. Parcela 132. Polígono 35', 2, 21, '2025-02-26', NULL, 'entrada'),
('CG-41533-0001', 11, 'CO3 / CO4', 'PT UNIBAY , Pol.21 Parc. 133-177 - Tabernas', 60, 23, '2024-05-02', '', 'entrada'),
('CG-58413-0001', 11, '', 'MIGUEL DE UNAMUNO', 63, 17, '2024-05-23', 'CAMBIO CUSTODIO', 'salida'),
('CG-66041-0035-CO3', 11, NULL, 'DESCONOCIDO', 32, 28, '2023-10-18', NULL, 'entrada'),
('CG-69008-0001', 11, NULL, 'CALLE ALAMICOS Nº73', 16, 26, '2025-04-16', 'PDT PUBLICAR', 'entrada'),
('CG-76138-0001', 11, NULL, 'Calle Miguel de Cervantes esq Rambla del charco 1', 2, 21, '2025-02-11', NULL, 'entrada'),
('CG-77559-0003', 11, NULL, 'CALLE MIGUEL DE CERVANTES Nº1 BJ 6', 2, 21, '2025-04-16', NULL, 'entrada'),
('CG-77559-0004', 11, NULL, 'CALLE MIGUEL DE CERVANTES Nº1 7', 2, 21, '2025-05-15', NULL, 'entrada'),
('CG-81964-0001', 11, NULL, 'CL FRANCISCO SIMO ORTS Nº 13 0 5', 2, 21, '2025-02-26', NULL, 'entrada'),
('CG-92978-0002', 11, NULL, 'CALLE JOSE ANTONIO NOGUERA GIL Nº8 PB 2', 2, 21, '2025-04-16', 'NO FUNCIONAN', 'entrada'),
('CH-96079-0001', 11, NULL, 'CALLE ALMERIA Nº2 1º', 2, 21, '2025-04-16', NULL, 'entrada'),
('CJ-00028-0001', 11, NULL, 'DESCONOCIDO', 50, 21, '2025-02-26', NULL, 'entrada'),
('CJ-00047-0001', 11, NULL, 'CALLE CANDELARIA Nº54 1ºIZQ', 2, 21, '2025-02-27', NULL, 'entrada'),
('CJ-00175-0001', 11, NULL, 'CALLE SAN CRISTOBAL Nº25', 2, 21, '2025-04-16', NULL, 'entrada'),
('CJ-00181-0001', 11, NULL, 'CALLE RELOJ Nº2', 70, 26, '2025-03-25', NULL, 'entrada'),
('CJ-00293-0001', 11, NULL, 'CALLE LAS CAÑADAS S/N', 70, 26, '2025-02-11', NULL, 'entrada'),
('CJ-00305-0001', 11, NULL, 'CL SAN SEBASTIAN Nº 23 D', 2, 21, '2025-02-26', NULL, 'entrada'),
('CJ-00393-0001', 11, NULL, 'CALLE ESTEPONA Nº3 1ºA', 2, 21, '2025-02-26', NULL, 'entrada'),
('CJ-00393-0002', 11, NULL, 'CL ESTEPONA Nº 3', 2, 21, '2025-04-30', NULL, 'entrada'),
('CJ-00393-0004', 11, 'INT00062771', 'CALLE ESTEPONA Nº3 3ºB', 2, 21, '2025-05-14', NULL, 'entrada'),
('CJ-00393-0007', 11, NULL, 'CALLE ESTEPONA Nº3 3ºC', 2, 21, '2025-04-16', NULL, 'entrada'),
('CJ-00393-0008', 11, NULL, 'CL ESTEPONA Nº 3 1ª B', 2, 21, '2025-04-16', NULL, 'entrada'),
('CJ-00434-0001', 11, NULL, 'CALLE SAN MARCELINO Nº14', 2, 21, '2025-04-16', NULL, 'entrada'),
('CJ-00505-0007', 11, NULL, 'AVDA. 19 OCTUBRE', 75, 26, '2025-05-06', NULL, 'entrada'),
('CJ-00505-0011', 11, NULL, 'AV 19 DE OCTUBRE Nº 2 1ª 5', 75, 26, '2025-04-11', NULL, 'entrada'),
('CJ-00505-0013', 11, NULL, 'AVDA. 19 OCTUBRE Nº2 1º PTA.5', 75, 28, '2025-04-07', NULL, 'entrada'),
('CJ-01077-0001', 11, 'CO3 CO4', 'CALLE DUELO 4', 2, 21, '2025-02-27', NULL, 'entrada'),
('CJ-01166-0001', 11, NULL, 'PZ DE LOS MARTIRES Nº 7', 75, 26, '2025-04-11', NULL, 'entrada'),
('CJ-01171-0001', 11, 'INT00072051', 'CALLE LA INMACULADA Nº13', 46, 28, '2025-05-14', NULL, 'entrada'),
('CJ-01419-0007', 11, NULL, 'LOCAL CALLE DE LOS HUERTOS Nº27', 46, 23, '2025-03-07', NULL, 'entrada'),
('CJ-01593-0001', 11, NULL, 'CALLE CAUSÍ Nº12', 70, 26, '2025-04-16', NULL, 'entrada'),
('CJ-01603-0001', 11, 'CO3', 'CALLE GRANADA Nº19 1ºA', 32, 5, '2025-02-10', '', 'entrada'),
('CJ-01957-0001', 11, NULL, 'CALLE SAN SEBASTIAN Nº23C', 2, 21, '2025-03-04', NULL, 'entrada'),
('CJ-01982-0001', 11, NULL, 'CL SAN PASCUAL Nº 4', 2, 21, '2025-04-30', NULL, 'entrada'),
('CK-00095-0001', 11, '2 COPIAS', 'CALLE CERVANTES Nº24 ESC. E 3ºD', 46, 26, '2025-03-25', NULL, 'entrada'),
('CK-01204-0001', 11, 'PROPIAS', 'PJ RAMBLA DEL POZO Nº 6 Esc.E 0 1', 3, 26, '2025-01-25', '', 'entrada'),
('CK-01334-0001', 11, 'INT00071498', 'URB EL ACEBUCHAR Nº90', 32, 29, '2025-05-15', NULL, 'entrada'),
('CK-02169-0001', 11, NULL, 'AVDA ANDALUCIA 6', 75, 28, '2025-05-09', NULL, 'entrada'),
('CK-04833-0001', 11, 'C3 Y C4', 'AV La Viña Nº 28 Esc.E 1 D', 40, 26, '2024-10-24', 'CAMBIO DE CUSTODIO', 'entrada'),
('CK-06118-0001', 11, NULL, 'CL SAN ANTONIO Nº 6', 46, 26, '2025-02-26', '2 COPIAS', 'entrada'),
('CK-06365-0001', 11, 'PROPIAS', 'AV Libertad Nº 2 Atico 1', 4, 26, '2025-01-25', '', 'entrada'),
('CK-08301-0001', 11, 'PROPIAS', 'CALLE BAZA Nº12 2ºIZQ', 32, 26, '2024-10-28', 'CAMBIO CUSTODIO', 'entrada'),
('CRZ0000192996', 1, '115568K - PROPIAS', 'PLAZA ESPAÑA 34 2ºH', 71, 35, '2022-03-28', NULL, 'salida'),
('CRZ0000193116', 1, NULL, 'ALOE-ALISEDA BLQ4 PTA6', 71, 20, '2023-10-16', NULL, 'entrada'),
('CRZ0000193470', 1, NULL, 'POZO ESPARTO S/N', 21, 4, '2022-05-20', NULL, 'salida'),
('CRZ0000193712', 1, NULL, 'VI CALLE Celia Viñas ,VERA', 71, 35, '2022-04-22', NULL, 'salida'),
('CRZ0000193749', 1, '', 'VI CALLE VIRGEN DEL CARMEN', 28, 35, '2022-06-15', NULL, 'salida'),
('CRZ0000193757', 1, '', 'LOCAL CALLE ALI BEY S/N', 71, 20, '2022-06-02', NULL, 'entrada'),
('CS-03100-0001', 11, NULL, 'CL PRIMAVERA Nº 18 Esc.2 1 D', 51, 26, '2025-04-09', NULL, 'entrada'),
('CS-04094-0001', 11, '', 'CL BARRANCO Nº 17', 4, 11, '2025-01-25', '', 'salida'),
('CS-10346-0001', 11, 'CO4', 'CALLE SALVADOR MARTINEZ LAROCA Nº19', 70, 26, '2025-02-13', NULL, 'entrada'),
('CS-10551-0001', 11, 'CO5.1', 'CALLE ANGEL GAVINET Nº10 1º', 46, 26, '2025-02-18', NULL, 'entrada'),
('CS-13817-0002', 11, 'INT00072470', 'AVDA. PURCHENA LOCAL 6-7', 59, 26, '2025-05-12', NULL, 'entrada'),
('CS-19411-0001', 11, NULL, 'AVDA. ALMERIA Nº20 1ºA', 40, 26, '2025-05-06', NULL, 'entrada'),
('DEVOLUCION 31/1/2022', 1, NULL, 'C/ MURILLO Nº 7', 42, 20, NULL, NULL, 'entrada'),
('DIRE-002924', 7, '', 'C/CARRETERA Nº1', 5, 23, '2024-07-23', '', 'entrada'),
('DO-12501-0003', 11, NULL, 'LG DISEMINADO LA PUNTA Nº35 BJ 106', 21, 22, '2025-03-04', NULL, 'entrada'),
('DO-12501-0004', 11, NULL, 'LG DISEMINADO LA PUNTA Nº 35 BAJO 205', 21, 28, '2025-05-02', NULL, 'entrada'),
('DO-12501-0007', 11, NULL, 'LG DISEMINADO LA PUNTA Nº 35 BAJO 102', 21, 28, '2025-05-02', NULL, 'entrada'),
('GIRE-867001', 7, '', 'AVENIDA BARCELONA 73', 21, 26, '2024-07-11', 'CAMBIO CUSTODIO', 'entrada'),
('GSC9841479', 5, NULL, 'ESQ. CALLE ARRIEROS Nº2', 46, 26, '2023-12-11', '2JUEGOS DE LLAVES', 'entrada'),
('HRE00705993', 6, '7460241', 'CALLE LAS PALMERAS, 53', 32, 36, '2021-09-18', NULL, 'entrada'),
('HRE01001851', 6, '7008806', 'C/ CAÑADA DE JULIAN 2 PUERTA 2', 71, 20, '2023-04-24', NULL, 'entrada'),
('HRE03296201', 6, '7491548', 'AV 19 DE OCTUBRE 1', 75, 4, '2023-12-21', NULL, 'salida'),
('IB00100042438', 4, NULL, 'PISO C/ JAEN 3 PL BJ PTA 1', 4, 31, '2022-10-07', 'DOMINGO DE ADRU 627437501', 'salida'),
('IB00100042480', 4, NULL, 'SRB0000861008', 42, 26, '2023-02-01', 'VENDIDOS. NO FUNCIONAN INTERIOR', 'entrada'),
('IB00100042490', 4, NULL, 'GARAJE C/CADIZ 5 BQ I PL -1 PZA 23, MOJACAR', 42, 35, '2023-08-08', NULL, 'salida'),
('IB00100042544', 4, NULL, 'GARAJE C CADIZ 5 BQ 1 PL 1 PZA 10', 42, 23, '2022-08-29', 'ENTREGADAS POR VENTA', 'entrada'),
('IB00100042594', 4, NULL, 'CALLE CADIZ 5 BQ I PL-1 PZA21', 42, 23, '2023-02-01', NULL, 'entrada'),
('IB00100042740', 4, NULL, 'PISO C/ SEVILLA 2 PL 4 PTA D, OLULA DEL RIO', 46, 23, '2023-02-01', NULL, 'entrada'),
('IB00100048725', 4, '248625', 'LC-Calle LIBERTAD,nº1,Pl bajo,Pta 2,', 4, 4, '2023-10-02', NULL, 'salida'),
('IB00100048726', 4, '248627', 'CALLE BARRIO ALTO Nº36,LETRA G10', 75, 23, '2023-10-02', NULL, 'entrada'),
('IB00100048727', 4, '248638', 'PZ-CALLE CALLE MAESTRO PADILLA Nº16, PTA G82', 4, 4, '2023-10-02', NULL, 'salida'),
('IB00100177380', 4, '163323', 'CRTA TAHAL Nº9', 40, 4, '2024-02-06', NULL, 'salida'),
('IB00100177948', 4, NULL, 'CALLE LOS SERENOS Nº26', 32, 28, '2022-12-21', NULL, 'entrada'),
('IB00100178797', 1, NULL, 'NAVE INDUSTRIAL POLIGONO SAN RAFAEL, CALLE HERMANDAD', 31, 23, '2021-06-22', 'DEVOLUCION 19/08/2021', 'entrada'),
('IB00100178798', 4, '', 'CALLE TRAVESIA DE ALMANZORA S/N PL BJ', 21, 4, '2025-01-10', '', 'salida'),
('IB00100180444', 4, NULL, 'VIVIENDA AVENIDA ALCAZABA, 115 BLQ.27 BAJA PTA.6', 71, 4, '2023-02-16', NULL, 'salida'),
('IB00100180824', 4, '', 'CASA CALLE REAL, Nº19, NACIMIENTO', 43, 4, '2025-01-17', '', 'salida'),
('IB00100180827', 4, NULL, 'CALLE CUCARRO 74 PLANTA 3', 8, 26, '2022-08-02', NULL, 'entrada'),
('IB00100180831', 4, '', 'VIVIENDA PASEO DEL MEDITERRANEO 23 ESC:3 PL:2 PTA:3', 42, 23, '2022-07-01', NULL, 'entrada'),
('IB00100180877', 1, '', 'LOCAL COMERCIAL CALLE DUENDE 1 A', 42, 23, '2022-01-25', 'DEVOLUCIÓN 19/03/2022', 'entrada'),
('IB00100180979', 1, NULL, 'NAVE INDUSTRIAL, POLIG.LOS POCICOS Nº27', 21, 35, '2022-11-14', 'VENDIDO ENTEGADAS A ANTONIO ALFA CUEVAS INSTRUCCIONES DELEGADO', 'salida'),
('IB00100181276', 1, '', 'NAVE INDUSTRIAL CALLE RUBIRA SOLA Nº16 PARC:B7', 40, 23, '2022-06-15', NULL, 'entrada'),
('IB00100181475', 1, NULL, 'NAVE INDUSTRIAL Y TERRENO CALLE VENEZUELA Nº11,FINES', 24, 23, '2022-04-20', NULL, 'entrada'),
('IB00100182293', 4, 'DIGLO', 'CALLE BAJAS YESERAS 76 BAJO', 21, 4, '2025-04-11', '', 'salida'),
('IB00100183038', 4, '3 COPIAS, MAGNETICO Y MANDO GARAJE', 'LAGUNA BEACH EDF. 7B BAJO 8', 71, 28, '2024-10-30', 'CAMBIO CUSTODIO', 'entrada'),
('IB00100183183', 4, NULL, 'CALLE ALFONSO ORTEGA CARMONA Nº1 3ºL', 2, 35, '2023-06-27', NULL, 'salida'),
('IB00100183865', 4, 'PROPIAS', 'AVDA SABINAR, 494 PLANTA 1º PTA B', 54, 26, '2024-07-16', '', 'entrada'),
('IB00100185326', 4, '237075 , 237077', 'CALLE GARCIA LOPEZ Nº 7', 3, 23, '2023-10-02', '2 COPIAS', 'entrada'),
('IB00100186604', 4, NULL, 'LOCAL, AVENIDA PACO COSENTINO Nº 75,BJ, PT IZQ', 40, 23, '2022-09-23', NULL, 'entrada'),
('IB00100187338', 4, NULL, 'Calle Algaida nº4', 44, 4, '2023-06-23', NULL, 'salida'),
('IBVER00000301', 4, '', 'GARAJE C/CADIZ 5 BQ I PL -1 PZA 11, MOJACAR', 42, 20, '2021-08-27', 'DEVOLUCION 13/12/2021', 'entrada'),
('IBVER00000302', 4, '', 'GARAJE C/CADIZ 5 BQ I PL -1 PZA 32, MOJACAR', 42, 20, '2021-08-27', 'DEVOLUCION 13/12/2021', 'entrada'),
('IBVER00000306', 1, '', 'PISO C/ SEVILLA 2 PL 4 PTA D, OLULA DEL RIO', 46, 23, '2021-09-14', 'DEVUELTAS A CUSTODIO 17/01/2022', 'entrada'),
('IBVER00000307', 4, '', 'PISO C/ RAMON Y CAJAL 27 PL 3 PTA B, ALBOX', 4, 4, '2022-01-17', 'DEVUELTAS A CUSTODIO', 'salida'),
('IBVER00000309', 4, '', 'PISO C/DUQUE DE AHUMADA 22 PL 2 PTA A, ALBOX', 4, 23, '2022-01-17', 'DEVUELTAS A CUSTODIO 17/01/2022', 'entrada'),
('ISA VENDIDO', 6, 'HRE00757941', 'CALLE CONDOR Nº 8 Bº 1', 71, 20, '2022-04-22', NULL, 'entrada'),
('KB-05150-0001', 11, 'PROPIAS', 'ARMUÑA DE ALMANZORA', 11, 26, '2023-04-22', NULL, 'entrada'),
('KM-00247-0001', 11, NULL, 'CALLE ENTINA Nº3', 21, 28, '2025-02-27', NULL, 'entrada'),
('KQ-00196-0001', 11, '', 'CALLE SAN ANDRÉS Nº49 LOCAL 2', 40, 23, '2025-01-24', '', 'entrada'),
('KR-00613-0001', 11, 'INT00151001', 'CALLE ALMAJALEJO Nº5', 32, 31, '2025-01-20', '', 'salida'),
('L005654311', 5, NULL, 'DESCONOCIDO', 40, 26, '2023-07-20', NULL, 'entrada'),
('L009190706', 5, '', 'CALLE CALDERON', 28, 22, '2024-02-14', '', 'entrada'),
('L010263822', 5, '', 'CALLE ACEQUIA GRANDE Nº6', 70, 27, '2024-09-20', '', 'salida'),
('L012086075', 5, 'L012086075', 'CALLE MARTIRES 10', 4, 26, '2023-07-10', NULL, 'entrada'),
('L012491181', 5, '', 'CALLE HERNAN CORTES Nº20', 31, 23, '2024-10-11', '-1 COPIA A BALLESTA', 'entrada'),
('L012979574', 5, NULL, 'CALLE AZUZ', 21, 22, '2024-01-16', NULL, 'entrada'),
('L018849267', 5, NULL, 'Cabo De Gata,29 Los Pinos 04230', 31, 23, '2023-08-22', NULL, 'entrada'),
('L035731618', 7, NULL, 'CALLE DESCARTES ESC E 1º13', 31, 23, '2025-02-12', NULL, 'entrada'),
('LLEGADA 27/09/2022', 1, NULL, 'CALLE ESPAÑA, Nº 5', 38, 23, '2021-03-24', 'DEVUELTAS A CUSTODIO 17/01/2022', 'entrada'),
('LNK0000198544', 4, NULL, 'AVENIDA RONDA 77 BAJO 4', 40, 23, '2024-01-17', NULL, 'entrada'),
('LNK0000198545', 4, NULL, 'AVDA RONDA 77', 40, 23, '2024-01-17', NULL, 'entrada'),
('LNK0000198560', 4, '', 'CALLE ETERNIDAD Nº14 ESC4 2º4', 45, 23, '2024-06-26', '', 'entrada'),
('LNK0000198562', 4, NULL, 'CALLE OBISPO DIEGO VENTAJA / CALLE ETERNIDAD Nº14 N2-4 ESC.E 2º2', 45, 23, '2025-05-09', NULL, 'entrada'),
('LNK0000198565', 4, NULL, 'CALLE DE BENTARIQUE Y SAN JORGE 3 1 B', 33, 28, '2024-01-17', NULL, 'entrada'),
('LNK0000198566', 4, NULL, 'CALLE DE BENTARIQUE Y SAN JORGE 3 PB A', 33, 28, '2024-01-17', NULL, 'entrada'),
('LNK0000198567', 4, NULL, 'CALLE DE BENTARIQUE Y SAN JORGE 3 1 C', 33, 28, '2024-01-17', NULL, 'entrada'),
('LNK0000198568', 4, NULL, 'CALLE DE BENTARIQUE Y SAN JORGE 3 PB C', 33, 28, '2024-01-17', NULL, 'entrada'),
('LNK0000198569', 4, NULL, 'CALLE DE BENTARIQUE Y SAN JORGE 3 PB A', 33, 28, '2024-01-17', NULL, 'entrada'),
('LNK0000198571', 4, NULL, 'CALLE CATEDRATIVO JOAQUIN RODRIGUEZ 17 PB 2', 7, 13, '2024-01-17', NULL, 'salida'),
('LNK0000198572', 4, NULL, 'CALLE CATEDRATIVO JOAQUIN RODRIGUEZ 17 2 2', 7, 13, '2024-01-17', NULL, 'salida'),
('LNK0000198573', 4, NULL, 'CALLE CATEDRATIVO JOAQUIN RODRIGUEZ 17 2 2', 7, 13, '2024-01-17', NULL, 'salida'),
('LNK0000198574', 4, NULL, 'CALLE CATEDRATIVO JOAQUIN RODRIGUEZ 17 1 2', 7, 13, '2024-01-17', NULL, 'salida'),
('LNK0000198575', 4, NULL, 'CALLE CATEDRATIVO JOAQUIN RODRIGUEZ 17 ES1 1º1', 7, 28, '2024-01-17', NULL, 'entrada'),
('LNK0000198576', 4, NULL, 'CALLE CATEDRATIVO JOAQUIN RODRIGUEZ 17 ES5 2º2', 7, 13, '2024-01-17', NULL, 'salida'),
('LNK0000198577', 4, NULL, 'CALLE CATEDRATIVO JOAQUIN RODRIGUEZ 17 ES5 BAJO 2', 7, 28, '2024-01-17', NULL, 'entrada'),
('LNK0000198578', 4, NULL, 'CALLE CATEDRATIVO JOAQUIN RODRIGUEZ 17 1 2', 7, 13, '2024-01-17', NULL, 'salida'),
('LNK0000198579', 4, NULL, 'CALLE CATEDRATIVO JOAQUIN RODRIGUEZ 17 PB 1', 7, 13, '2024-01-17', NULL, 'salida'),
('LNK0000198580', 4, NULL, 'CALLE CATEDRATIVO JOAQUIN RODRIGUEZ 17 PB 2', 7, 13, '2024-01-17', NULL, 'salida'),
('LNK0000198581', 4, NULL, 'CALLE CATEDRATIVO JOAQUIN RODRIGUEZ 17 PB 1', 7, 13, '2024-01-17', NULL, 'salida'),
('LNK0000198582', 4, NULL, 'CALLE CATEDRATIVO JOAQUIN RODRIGUEZ 17 PB 1', 7, 13, '2024-01-17', NULL, 'salida'),
('LNK0000199486', 4, NULL, 'RAMBLA DE GRACIA 22 EDF. TALIA III BAJO 3 (INTERIOR)', 22, 23, '2025-05-07', NULL, 'entrada'),
('LNK0000199487', 4, NULL, 'RAMBLA DE GRACIA 22 EDF. TALIA III BAJO 2 (INTERIOR)', 22, 23, '2025-05-07', 'LLEGAN LLAVES DE ACTIVO VENDIDO', 'entrada'),
('LNK0000199488', 4, NULL, 'RAMBLA DE GRACIA 22 EDF. TALIA III 2º13', 22, 23, '2025-05-07', NULL, 'entrada'),
('LNK0000199491', 4, NULL, 'RAMBLA DE GRACIA 22 EDF. TALIA III 1º5', 22, 23, '2025-05-07', NULL, 'entrada'),
('LNK0000199492', 4, NULL, 'RAMBLA DE GRACIA 22 EDF. TALIA III 1º8', 22, 23, '2025-05-07', 'NO FUNCIONAN', 'entrada'),
('LNK0000199494', 4, NULL, 'RAMBLA DE GRACIA 22 EDF. TALIA III 1º6', 22, 23, '2025-05-07', NULL, 'entrada'),
('LNK0000199499', 4, NULL, 'CALLE EL MORRO Nº20 1B', 21, 28, '2025-05-16', NULL, 'entrada'),
('LO14965013', 5, '', 'CALLE ALCAZABA 7, EL ALHANCHETE', 21, 22, '2024-02-27', '', 'entrada'),
('LOCAL COM C/ DEL MAR S/Nº PL -1 PTA 7', 1, NULL, 'PLAZA DE GARAJE EN CALLE CADIZ 5', 42, 23, '2021-06-22', NULL, 'entrada'),
('PM107068', 11, 'PROPIAS', 'CALLE ESPERANZA 16', 74, 22, '2024-05-02', '', 'entrada'),
('PM88802', 11, NULL, 'Calle miguel de unamuno', 63, 26, '2023-05-25', 'Copias', 'entrada');
INSERT INTO `llaves` (`codigo_principal`, `id_propietario`, `codigo_secundario`, `direccion`, `id_poblacion`, `id_ubicacion`, `fecha_recepcion`, `observaciones`, `estado`) VALUES
('POP0000195048', 1, '252581', 'CALLE SANTO DOMINGO Nº9 BQ2 6A', 54, 4, '2024-01-26', 'VENDIDOS, NO FUNCIONAN INTERIOR', 'salida'),
('REGA-06107', 7, '', 'Avenida PINTOR ANTONIO LOPEZ Nº 31', 46, 23, '2024-09-18', '', 'entrada'),
('REGA-06108', 7, '', 'Avenida PINTOR ANTONIO LOPEZ Nº 31', 46, 23, '2024-09-18', '', 'entrada'),
('REMO-02231', 7, '', 'CALLE URUGUAY Nº1', 32, 5, '2024-07-10', 'CAMBIO CUSTODIO', 'entrada'),
('RET0000197354', 4, '251169', 'LOCAL, CALLE REAL Nº37', 31, 4, '2024-10-25', '', 'salida'),
('S4-32517-0004', 11, NULL, 'GARAJE AV ALMERIA, N. 29 BLOQ. SOT-1 -1 G-9', 17, 36, '2021-05-27', NULL, 'entrada'),
('S4-32517-0005', 11, NULL, 'GARAJE AV ALMERIA, N. 29 BLOQ. SOT-1 BAJO G-20', 17, 36, '2021-05-27', NULL, 'entrada'),
('S4-32517-0006', 11, NULL, 'GARAJE AV ALMERIA, N. 29 BLOQ. SOT-2 -2 G-1', 17, 36, '2021-05-27', NULL, 'entrada'),
('S4-32517-0007', 11, NULL, 'GARAJE AV ALMERIA, N. 29 BLOQ. SOT-2 -2 G-5', 17, 36, '2021-05-27', NULL, 'entrada'),
('S4-32517-0008', 11, NULL, 'GARAJE AV ALMERIA, N. 29 BLOQ. SOT-2 -2 G-7', 17, 36, '2021-05-27', NULL, 'entrada'),
('S4-32517-0009', 11, NULL, 'GARAJE AV ALMERIA, N. 29 BLOQ. SOT-2 -2 G-9', 17, 36, '2021-05-27', NULL, 'entrada'),
('S4-32517-0010', 11, NULL, 'GARAJE AV ALMERIA, N. 29 BLOQ. SOT-2 -2 G-10', 17, 36, '2021-05-27', NULL, 'entrada'),
('S4-32517-0011', 11, NULL, 'GARAJE AV ALMERIA, N. 29 BLOQ. SOT-2 -2 G-11', 17, 36, '2021-05-27', NULL, 'entrada'),
('S4-32517-0012', 11, NULL, 'GARAJE AV ALMERIA, N. 29 BLOQ. SOT-3 -3 G-10', 17, 36, '2021-05-27', NULL, 'entrada'),
('S4-32517-0013', 11, NULL, 'GARAJE AV ALMERIA, N. 29 BLOQ. SOT-3 -3 G-9', 17, 36, '2021-05-27', NULL, 'entrada'),
('S4-37194-0001', 11, NULL, 'AV ALMERIA N. 11, 2 D', 17, 36, '2021-05-27', NULL, 'entrada'),
('SBRE-0056868', 7, 'SAR00076936', 'CL CHAPARRAL EL 4 Es:2 Pl:02 Pt:5A RES LOS ALAMOS', 26, 26, '2024-01-25', NULL, 'entrada'),
('SBRE-0090022', 7, '4945807 / 4939597', 'CALLE MENGEMOR 74 1º7', 45, 23, '2024-01-25', NULL, 'entrada'),
('SBRE-0090023', 7, 'HIP4877332', 'CALLE MENGEMOR 74 3º20', 45, 23, '2024-01-25', NULL, 'entrada'),
('SBRE-0090026', 7, '4945241 / 4939561', 'CALLE MENGEMOR 74 1º4', 45, 23, '2024-01-25', NULL, 'entrada'),
('SBRE-0090118', 7, 'HIP2730533', 'SALVADOR MARTINEZ LAROCA BAJO A', 70, 35, '2023-04-25', NULL, 'salida'),
('SBRE-0090119', 7, 'HIP2730782', 'SALVADOR MARINEZ LAROCA BAJO B', 70, 26, '2023-04-26', NULL, 'entrada'),
('SBRE-0090121', 7, NULL, 'SALVADOR MARINEZ LAROCA 2ºD', 70, 26, '2023-10-23', NULL, 'entrada'),
('SBRE-0090124', 7, 'HIP2730546', 'SALVADOR MARTINEZ LAROCA 1ºH', 70, 35, '2023-04-25', NULL, 'salida'),
('SBRE-0090130', 7, 'SAR00076825', 'SALVADOR MARTIINEZ LAROCA 2ºA', 70, 23, '2024-02-16', '', 'entrada'),
('SBRE-0135672', 7, 'HIP2759488 / 4956747 / 4984478 / 4950706', 'CAMINO DE LOS CUATRO CAÑOS Nº1', 71, 27, '2024-08-09', '', 'salida'),
('SBRE-0183416', 7, 'SAR00133034', 'CALLE CORDIALIDAD S/N', 70, 23, '2023-09-22', NULL, 'entrada'),
('SBRE-0183436', 7, 'HIP2713519', 'PAR LOS LOPEZ S/N', 32, 5, '2024-01-15', NULL, 'entrada'),
('SRB0000017564', 10, 'AA00022990', 'C/LAVADERO Nº21 PL-2 PTA.1', 60, 23, '2022-12-29', NULL, 'entrada'),
('SRB0000024307', 1, 'AAA00097331', 'ALMERIMAR 1 F (EL EJIDO)', 23, 26, '2023-11-16', NULL, 'entrada'),
('SRB0000034971', 1, 'AAA00126546 / AAA00128673', 'COTO DE VERA (PARCELA 4.3, SECTOR RC-4B) 6 5 VERA ALMERÍA', 71, 20, '2024-05-15', NULL, 'entrada'),
('SRB0000039766', 1, 'AAA00495611', 'CAÑADA JULIAN BQ9 BA 1 A', 71, 4, '2025-03-03', NULL, 'salida'),
('SRB0000047581', 10, 'AAA00100030', 'AVENIDA BARCELONA Nº57 BLOQUE 2 2º-E', 21, 20, '2023-01-04', NULL, 'entrada'),
('SRB0000050282', 1, '50282', 'JUAN ANGLADA 6', 71, 20, '2022-11-24', NULL, 'entrada'),
('SRB0000054359', 10, 'AAA00099356', 'PUERTO REY 8 A VERA ALMERÍA', 71, 12, '2023-04-25', NULL, 'salida'),
('SRB0000056297', 10, 'AAA00099130', 'AV. ALHAMBRA Nº6 BJ PTA. 60', 71, 20, '2022-12-29', NULL, 'entrada'),
('SRB0000083150', 1, '83150', 'MAESTRO PADILLA 57', 71, 20, '2022-11-24', NULL, 'entrada'),
('SRB0000096177', 1, 'AAA00411116', 'MENGEMOR 28 2', 45, 23, '2024-07-15', 'CAMBIO CUSTODIO', 'entrada'),
('SRB0000099381', 1, 'AAA00006440', 'CALLE PERDIZ Nº1', 21, 20, '2023-06-28', NULL, 'entrada'),
('SRB0000101991', 10, 'AAA00022917', 'C/León nº4', 21, 22, '2022-12-28', NULL, 'entrada'),
('SRB0000105631', 10, 'AAA00159264 / AAA00159270', 'PAGO DE LAS BOMBARDAS Y CASA MARQUES 0 23 (CUEVAS DEL ALMANZORA)', 21, 28, '2023-09-25', NULL, 'entrada'),
('SRB0000147475', 10, 'AAA00022974 / AAA00415870', 'COSLADA 1 7 (ROQUETAS DE MAR)', 54, 4, '2023-01-04', NULL, 'salida'),
('SRB0000147476', 10, 'AAA00022514 / AAA00410899', 'C/Coslada nº1 2º Pta.17', 54, 23, '2022-12-28', NULL, 'entrada'),
('SRB0000147477', 1, 'AAA00415878 / AAA00449219', 'CALLE COSLTADA 1 2º20', 54, 23, '2024-08-19', '', 'entrada'),
('SRB0000147493', 10, 'AAA00094832', 'RN MULHACEN BQ 1 BAJO PTA112', 71, 20, '2023-01-05', NULL, 'entrada'),
('SRB0000147494', 10, 'AAA00023457', 'RN MULHACEN 161', 71, 20, '2023-01-04', NULL, 'entrada'),
('SRB0000147495', 10, 'AAA00023480', 'C/ RONDA MULHACEN BLOQUE 1 PUERTA 113', 71, 20, '2023-01-04', NULL, 'entrada'),
('SRB0000147496', 10, 'AAA00099597', 'RN MULHACEN BQ 1 1º PTA123', 71, 20, '2023-01-05', NULL, 'entrada'),
('SRB0000147497', 10, 'AAA00147277', 'RN MULHACEN BQ 1 1º PTA123', 71, 20, '2023-01-05', NULL, 'entrada'),
('SRB0000147498', 10, 'AAA00100174', 'RN MULHACEN', 71, 20, '2023-01-04', NULL, 'entrada'),
('SRB0000147499', 1, '147499', 'RN MULHACEN 136', 71, 22, '2023-11-27', NULL, 'entrada'),
('SRB0000147500', 1, '147500', 'RN MULHACEN 145', 71, 22, '2023-11-27', NULL, 'entrada'),
('SRB0000147501', 1, 'AAA1406042', 'RONDA RN MULHACEN 1, BL 1, PL 155 PTA 155', 71, 22, '2024-01-15', '', 'entrada'),
('SRB0000147502', 1, 'AAA1406045', 'RONDA RN MULHACEN 1, BL 1, PL 165 PTA 165', 71, 22, '2024-01-15', NULL, 'entrada'),
('SRB0000147504', 10, 'AAA00157264 / AAA1406885', 'RN MULHACEN 1 221 VERA', 71, 22, '2023-09-15', NULL, 'entrada'),
('SRB0000147510', 1, 'AAA1419647', 'RN MULHACEN 332', 71, 22, '2023-10-23', NULL, 'entrada'),
('SRB0000147511', 1, 'AAA1419641', 'RN MULHACEN 314', 71, 22, '2023-10-23', NULL, 'entrada'),
('SRB0000147513', 10, 'AAA00018863', 'RN MULHACEN 1 432', 71, 20, '2023-03-20', NULL, 'entrada'),
('SRB0000147927', 1, 'AAA00109843', 'C/ EL PAGO Nº12', 66, 26, '2024-08-05', '', 'entrada'),
('SRB0000152989', 10, 'AAA00173692', 'CALLE SAN RAFAEL 88', 31, 9, '2023-05-23', NULL, 'entrada'),
('SRB0000153257', 1, 'AAA00417839', 'CALLE TIJOLA 23 ESC1 BAJO A', 4, 23, '2024-07-04', 'NO FUNCIONABAN', 'entrada'),
('SRB0000153258', 1, 'AAA00100897', 'CALLE TIJOLA 23 ESC 1 3ºA', 4, 23, '2024-07-02', '', 'entrada'),
('SRB0000153259', 1, 'AAA00096761', 'CALLE TIJOLA ESC3 3 BAJO D', 4, 23, '2024-01-04', NULL, 'entrada'),
('SRB0000153260', 1, 'AAA00096738', 'CALLE TIJOLA ESC3 1ºB', 4, 23, '2024-01-04', NULL, 'entrada'),
('SRB0000153261', 1, 'AAA00096714', 'CALLE TIJOLA ESC3 1ºE', 4, 23, '2024-01-04', NULL, 'entrada'),
('SRB0000153262', 1, 'AAA00097480 / AAA1393084', 'CALLE TIJOLA ESC3 2ºC', 4, 23, '2024-01-04', NULL, 'entrada'),
('SRB0000153263', 1, 'AAA00159123 / AAA00486878 / AAA00449141', 'CSLLE TIJOLA ESC3 2ºG', 4, 23, '2024-01-04', NULL, 'entrada'),
('SRB0000153264', 1, 'AAA00096792', 'CALLE TIJOLA ESC3 3ºF', 4, 23, '2024-01-04', NULL, 'entrada'),
('SRB0000153265', 1, 'AAA00096605', 'CALLE TIJOLA ESC4 1ºA', 4, 23, '2024-01-04', NULL, 'entrada'),
('SRB0000153266', 1, 'AAA00096600', 'CALLE TIJOLA ESC4 1ºB', 4, 23, '2024-01-04', NULL, 'entrada'),
('SRB0000153267', 1, 'AAA00096896', 'CALLE TIJOLA ESC4 2ºC', 4, 23, '2024-01-04', NULL, 'entrada'),
('SRB0000156821', 1, 'AAA00415871', 'CALLE COSLADA 1 BAJO 2', 54, 23, '2024-08-19', '', 'entrada'),
('SRB0000156822', 1, 'AAA00415906', 'CALLE COSLADA 1 2º18', 54, 23, '2024-08-19', '', 'entrada'),
('SRB0000156823', 1, 'AAA00415876 / AAA00449290', 'CALLE COSLADA 1 2º 19', 54, 23, '2024-08-19', '', 'entrada'),
('SRB0000156824', 1, 'AAA00415904', 'CALLE COSLADA º 2º 21', 54, 23, '2024-08-19', '', 'entrada'),
('SRB0000156840', 1, '156840', 'RN MULHACEN 122', 71, 22, '2023-11-27', NULL, 'entrada'),
('SRB0000156841', 1, '156841', 'RN MULHACEN 142', 71, 22, '2023-11-27', NULL, 'entrada'),
('SRB0000156842', 1, 'AAA1422246', 'RONDA RN MULHACEN 1, BL 1, PL 181 PTA 181', 71, 22, '2024-01-15', NULL, 'entrada'),
('SRB0000156843', 1, '156843', 'RN MULHACEN 124', 71, 22, '2023-11-27', NULL, 'entrada'),
('SRB0000156844', 1, '156844', 'RN MULHACEN 143', 71, 22, '2023-11-27', NULL, 'entrada'),
('SRB0000156845', 1, 'AAA1406050', 'RONDA RN MULHACEN 1, BL 1, PL 153 PTA 153', 71, 22, '2024-01-15', NULL, 'entrada'),
('SRB0000156846', 1, 'AAA1406044', 'RONDA RN MULHACEN 1, BL 1, PL 163 PTA 163', 71, 22, '2024-01-15', '', 'entrada'),
('SRB0000156847', 10, 'AAA00157084 / AAA00070029', 'RN MULHACEN 1 222 VERA', 71, 22, '2023-09-18', NULL, 'entrada'),
('SRB0000156849', 10, 'AAA00023769', 'RN MULHACEN 1 262', 71, 20, '2023-03-20', NULL, 'entrada'),
('SRB0000157261', 1, 'AAA0000699983', 'CALLE EL PAGO 12 ESC E BAJO 1', 66, 22, '2024-02-22', '', 'entrada'),
('SRB0000157364', 1, 'AAA1396608', 'CALLE JOSE GAOS BAJO 7', 31, 26, '2024-03-01', '', 'entrada'),
('SRB0000162263', 10, 'AAA00022713', 'LOCAL/OFICINA: CL HORTENSIA 1 46 BENAHADUX ALMERÍA', 12, 23, '2023-05-16', NULL, 'entrada'),
('SRB0000162267', 10, 'AAA00187549', 'LOCAL/OFICINA: CL HORTENSIA 2 1 BENAHADUX ALMERÍA', 12, 23, '2023-05-16', NULL, 'entrada'),
('SRB0000162336', 1, 'AAA00192654', 'Calle Olivo nº61 BAJO PTA.1', 32, 6, '2023-08-11', NULL, 'entrada'),
('SRB0000162337', 1, 'AAA00022951 / AAA1416740', 'Calle Olivo nº61 1º4', 32, 6, '2023-08-11', NULL, 'entrada'),
('SRB0000162338', 1, 'AAA00192496', 'Calle Olivo nº61 1º5', 32, 5, '2023-08-11', NULL, 'entrada'),
('SRB0000162501', 1, 'AAA00417206', 'CALLE TIJOLA 23 ESC1 BAJO F', 4, 4, '2024-07-04', '', 'salida'),
('SRB0000162502', 1, 'AAA00417849 / AAA00448886', 'CALLE TIJOLA 23 ESC1 1ºD', 4, 4, '2024-07-04', '', 'salida'),
('SRB0000162503', 1, 'AAA00417840', 'CALLE TIJOLA 23 ESC1 2ºA', 4, 23, '2024-07-04', '', 'entrada'),
('SRB0000162504', 1, 'AAA00417391', 'CALLE TIJOLA 23 ESC1 2ºF', 4, 23, '2024-07-04', 'NO FUNCIONABAN', 'entrada'),
('SRB0000162506', 1, 'AAA00448891 / AAA00432798', 'CALLE TIJOLA 23 ESC1 4ºA', 4, 4, '2024-11-28', 'CAMBIO CUSTODIO', 'salida'),
('SRB0000162507', 1, 'AAA1414476', 'CALLE TIJOLA ESC 2 2ºB', 4, 23, '2024-01-04', NULL, 'entrada'),
('SRB0000162508', 1, 'AAA1393031', 'TIJOLA 16 3 PLBAJO PTAC 16 C (ALBOX)', 4, 23, '2024-01-10', NULL, 'entrada'),
('SRB0000162509', 1, 'AAA00096717', 'CALLE TIJOLA ESC3 1ºD', 4, 23, '2024-01-04', NULL, 'entrada'),
('SRB0000162510', 1, 'AAA00096612 / AAA1415158', 'CALLE TIJOLA ESC3 1ºG', 4, 23, '2024-01-04', NULL, 'entrada'),
('SRB0000162511', 1, 'AAA00096594', 'CALLE TIJOLA ESC4 1ºC', 4, 23, '2024-01-04', NULL, 'entrada'),
('SRB0000162513', 1, 'AAA1414459', 'CALLE TIJOLA ESC4 3ºE', 4, 23, '2024-01-04', NULL, 'entrada'),
('SRB0000163895', 10, 'AAA00023147', 'LAS HERRERIAS A PALOMARES-VI-B6 0 B6 (CUEVAS DEL ALMANZORA)', 21, 20, '2023-05-30', NULL, 'entrada'),
('SRB0000165543', 1, 'AAA00076453', 'CALLE MAGNOLIA Nº16', 75, 23, '2023-06-29', NULL, 'entrada'),
('SRB0000166126', 1, 'AAA00449243', 'CALLE COSLADA 1 BAJO 3 T01', 54, 23, '2024-08-19', '', 'entrada'),
('SRB0000166127', 1, 'AAA00415875 / AAA00449230', 'CALLE COSLADA 1 BAJO 4', 54, 23, '2024-08-19', '', 'entrada'),
('SRB0000166128', 1, 'AAA00415877', 'CALLE COSLADA 1 BAJO 3', 54, 23, '2024-08-19', '', 'entrada'),
('SRB0000166129', 1, 'AAA00415874 / AAA00449297', 'CALLE COSLADA 1 BAJO 6', 54, 23, '2024-08-19', '', 'entrada'),
('SRB0000166130', 1, 'AAA00415966 / AAA00449223', 'CALLE COSLADA 1, 1º 10', 54, 23, '2024-08-19', 'VENDIDOS TURRE, BEDAR, ANTAS, GARRUCHA, ETC', 'entrada'),
('SRB0000166132', 1, 'AAA00415872', 'CALLE COSLADA 1 2º24', 54, 4, '2024-08-19', '', 'salida'),
('SRB0000166151', 1, '166151', 'RN MULHACEN 121', 71, 22, '2023-11-27', NULL, 'entrada'),
('SRB0000166152', 1, '166152', 'RN MULHACEN 131', 71, 22, '2023-11-27', NULL, 'entrada'),
('SRB0000166153', 1, '166153', 'RN MULHACEN 132', 71, 22, '2023-11-27', NULL, 'entrada'),
('SRB0000166154', 10, 'AAA00178917', 'RN MULHACEN BQ1 141', 71, 20, '2023-01-27', NULL, 'entrada'),
('SRB0000166155', 1, 'AAA1422200', 'RONDA RN MULHACEN 1, BL 1, PL 162 PTA 162', 71, 22, '2024-01-15', NULL, 'entrada'),
('SRB0000166156', 1, 'AAA1406047', 'RONDA RN MULHACEN 1, BL 1, PL 172 PTA 172', 71, 22, '2024-01-15', '', 'entrada'),
('SRB0000166157', 1, 'AAA1406052', 'RONDA RN MULHACEN 1, BL 1, PL 182 PTA 182', 71, 22, '2024-01-15', NULL, 'entrada'),
('SRB0000166158', 1, '166158', 'RN MULHACEN 116', 71, 22, '2023-11-27', NULL, 'entrada'),
('SRB0000166159', 1, '166159', 'RN MULHACEN 126', 71, 22, '2023-11-27', NULL, 'entrada'),
('SRB0000166160', 1, '166160', 'RN MULHACEN 146', 71, 22, '2023-11-27', NULL, 'entrada'),
('SRB0000166161', 1, 'AAA1406049', 'RONDA RN MULHACEN 1, BL 1, PL 156 PTA 156', 71, 22, '2024-01-15', NULL, 'entrada'),
('SRB0000166162', 1, 'AAA00157168 / AAA1393103', 'RN MULHACEN 212', 71, 26, '2024-01-02', NULL, 'entrada'),
('SRB0000166165', 1, 'AAA1393299 / AAA1393032', 'RN MULHACEN 311', 71, 22, '2024-01-02', NULL, 'entrada'),
('SRB0000166166', 1, 'AAA1419985', 'RN MULHACEN 321', 71, 22, '2023-10-23', NULL, 'entrada'),
('SRB0000166167', 1, 'AAA1406599', 'RN MULHACEN 342', 71, 22, '2023-10-23', NULL, 'entrada'),
('SRB0000166168', 1, 'AAA1419667', 'RN MULHACEN 333', 71, 22, '2023-10-23', NULL, 'entrada'),
('SRB0000166170', 10, 'AAA00023623', 'RN MULHACEN 1 471 (VERA)', 71, 20, '2023-03-22', NULL, 'entrada'),
('SRB0000171688', 1, 'AAA00432850', 'CALLE TIJOLA ESC 3 BAJO B', 4, 23, '2024-11-25', 'CAMBIO CUSTODIO', 'entrada'),
('SRB0000171856', 1, 'AAA00417322', 'CALLE TIJOLA 23 ESC1 2ºD', 4, 4, '2024-07-04', 'NO FUNCIONABAN', 'salida'),
('SRB0000171857', 1, 'AAA00417229', 'CALLE TIJOLA 23 2ºE', 4, 23, '2024-07-08', 'CAMBIO CUSTODIO', 'entrada'),
('SRB0000171860', 1, 'AAA1414464', 'CALLE TIJOLA ESC2 BAJO A', 4, 23, '2024-01-04', NULL, 'entrada'),
('SRB0000171862', 1, 'AAA1415152', 'CALLE TIJOLA ESC2 BAJO D', 4, 23, '2024-01-04', NULL, 'entrada'),
('SRB0000171863', 1, 'AAA1414463 / AAA1393107 / AAA1413650', 'CALLE TIJOLA ESC2 BAJO F', 4, 23, '2024-01-04', NULL, 'entrada'),
('SRB0000171864', 1, 'AAA1414457 / AAA1393075', 'CALLE TIJOLA ESC2 4ºA', 4, 31, '2024-01-04', 'POR VENTA', 'salida'),
('SRB0000171865', 1, 'AAA1414466', 'CALLE TIJOLA ESC 2 4ºB', 4, 23, '2024-01-04', NULL, 'entrada'),
('SRB0000171866', 1, 'AAA00531526', 'CALLE TIJOLA 23 ESC3 BAJO B', 4, 4, '2024-07-30', 'VENDIDOS, NO FUNCIONAN INTERIOR', 'salida'),
('SRB0000171867', 1, 'AAA00096700', 'CALLE TIJOLA ESC3 BAJO G', 4, 23, '2024-01-04', NULL, 'entrada'),
('SRB0000171868', 1, 'AAA141561 / AAA00096618', 'CALLE TIJOLA ESC3 3ºB', 4, 23, '2024-01-04', NULL, 'entrada'),
('SRB0000171869', 1, 'AAA00096633', 'CALLE TIJOLA ESC3 3ºE', 4, 23, '2024-01-04', NULL, 'entrada'),
('SRB0000171870', 1, 'AAA00096793', 'CALLE TIJOLA ESC3 3ºG', 4, 23, '2024-01-04', NULL, 'entrada'),
('SRB0000171871', 1, 'AAA00159003', 'CALLE TIJOLA ESC4 3ºF', 4, 23, '2024-01-04', NULL, 'entrada'),
('SRB0000175486', 1, 'AAA1405696 / AAA1393073 / AAA00159448 / AAA1413358 / AAA00022877 / AAA00415862 / AAA00449469', 'COSLADA 1 1', 54, 23, '2024-01-26', 'LLEGA SEGUNDA COPIA 05/02/2024', 'entrada'),
('SRB0000175487', 1, 'AAA00415963 / AAA00449241', 'CALLE COSLADA 1 1º 11', 54, 23, '2024-08-19', '', 'entrada'),
('SRB0000175488', 1, 'AAA00415897', 'CALLE COSLADA 1 1º 15', 54, 23, '2024-08-19', '', 'entrada'),
('SRB0000175489', 1, 'AAA00415869', 'CALLE COSLADA 1 2º 22', 54, 23, '2024-08-19', '', 'entrada'),
('SRB0000175503', 1, '175503', 'RN MULHACEN 134', 71, 22, '2023-11-27', NULL, 'entrada'),
('SRB0000175504', 1, 'AAA1422243', 'RONDA RN MULHACEN 1, BL 1, PL 184 PTA 184', 71, 22, '2024-01-15', '', 'entrada'),
('SRB0000175505', 1, '175505', 'RN MULHACEN 135', 71, 22, '2023-11-27', NULL, 'entrada'),
('SRB0000175506', 1, 'AAA1406041', 'RONDA RN MULHACEN 1, BL 1, PL 175 PTA 175', 71, 22, '2024-01-15', NULL, 'entrada'),
('SRB0000175507', 1, 'AAA1422252', 'RONDA RN MULHACEN 1, BL 1, PL 185 PTA 185', 71, 22, '2024-01-15', NULL, 'entrada'),
('SRB0000175513', 1, 'AAA1419920', 'RN MULHACEN 322', 71, 22, '2023-10-23', NULL, 'entrada'),
('SRB0000175514', 1, 'AAA1419921', 'RN MULHACEN 323', 71, 22, '2023-10-23', NULL, 'entrada'),
('SRB0000180489', 1, 'AAA00413673', 'CALLE PROSPERIDAD Nº90 3ºI', 23, 28, '2024-07-30', '', 'entrada'),
('SRB0000181152', 1, 'AAA1413529', 'CALLE TULIPAN 1 1', 12, 23, '2024-05-15', '', 'entrada'),
('SRB0000181167', 10, 'AAA00187546', 'LOCAL/OFICINA: CL HORTENSIA 1 47 BENAHADUX ALMERÍA', 12, 23, '2023-05-16', NULL, 'entrada'),
('SRB0000181422', 1, 'AAA00417193', 'CALLE TIJOLA 23 ESC1 1ºE', 4, 23, '2024-07-04', '', 'entrada'),
('SRB0000181423', 1, 'AAA00417848 / AAA00448898', 'CALLE TIJOLA 23 ESC1 2ºB', 4, 23, '2024-07-04', '', 'entrada'),
('SRB0000181424', 1, 'AAA00417215', 'CALLE TIJOLA 23 ESC1 2ºC', 4, 23, '2024-07-04', '', 'entrada'),
('SRB0000181425', 1, 'AAA00417571', 'CALLE TIJOLA 23 ESC 1 3ºC', 4, 23, '2024-07-03', '', 'entrada'),
('SRB0000181426', 1, 'AAA1415153', 'CALLE TIJOLA ESC2 1ºC', 4, 23, '2024-01-04', NULL, 'entrada'),
('SRB0000181428', 1, 'AAA1393096', 'TIJOLA 16 3 PLBAJO PTAA 16 A', 4, 23, '2024-01-10', NULL, 'entrada'),
('SRB0000181429', 1, 'AAA00096753', 'CALLE TIJOLA ESC3 1ºF', 4, 23, '2024-01-04', NULL, 'entrada'),
('SRB0000181430', 1, 'AAA00096625', 'CALLE TIJOLA ESC3 3ºC', 4, 23, '2024-01-04', NULL, 'entrada'),
('SRB0000181432', 1, 'AAA00096908', 'CALLE TIJOLA ESC4 2ºD', 4, 23, '2024-01-04', NULL, 'entrada'),
('SRB0000181433', 1, 'AAA00096904', 'CALLE TIJOLA ESC4 2ºF', 4, 23, '2024-01-04', NULL, 'entrada'),
('SRB0000181434', 1, 'AAA00096798', 'CALLE TIJOLA ESC4 3ºA', 4, 23, '2024-01-04', NULL, 'entrada'),
('SRB0000181435', 1, 'AAA1414471', 'CALLE TIJOLA ESC4 4ºG', 4, 23, '2024-01-04', NULL, 'entrada'),
('SRB0000181731', 1, 'AAA00008914', 'CALLE TIJOLA ESC3 3ºD', 4, 23, '2024-01-04', NULL, 'entrada'),
('SRB0000182828', 10, 'AAA00023130', 'HERRERIAS 0 B2 (CUEVAS DEL ALMANZORA)', 21, 20, '2023-05-30', NULL, 'entrada'),
('SRB0000185039', 1, '185039', 'RN MULHACEN 111', 71, 22, '2023-11-27', NULL, 'entrada'),
('SRB0000185040', 1, 'AAA1422249', 'RONDA RN MULHACEN 1, BL 1, PL 151 PTA 151', 71, 22, '2024-01-15', '', 'entrada'),
('SRB0000185041', 1, '185041', 'RN MULHACEN 133', 71, 22, '2023-11-27', NULL, 'entrada'),
('SRB0000185042', 1, 'AAA1422164', 'RONDA RN MULHACEN 1, BL 1, PL 174 PTA 174', 71, 22, '2024-01-15', NULL, 'entrada'),
('SRB0000185047', 1, 'AAA1419646', 'RN MULHACEN 331', 71, 22, '2023-10-23', NULL, 'entrada'),
('SRB0000185048', 1, 'AAA1419368', 'RN MULHACEN 341', 71, 22, '2023-10-23', NULL, 'entrada'),
('SRB0000185049', 1, 'AAA1404422', 'MULHACEN 324', 71, 22, '2024-03-27', 'VENDIDOS, NO FUNCIONAN INTERIOR', 'entrada'),
('SRB0000185596', 1, 'AAA1396607', 'CALLE JOSE GAOS 8', 31, 26, '2024-03-01', '', 'entrada'),
('SRB0000190624', 10, 'AAA00022943', 'C/ TULIPAN 3 2 3 4 - BENAHADUX', 12, 23, '2023-03-28', NULL, 'entrada'),
('SRB0000190881', 1, 'AAA00444325', 'AVDA. RONDA ESC. A 4º6', 40, 23, '2025-02-07', '', 'entrada'),
('SRB0000190882', 1, 'AAA000190882', 'CALLE TIJOLA 23 BAJO B', 4, 23, '2024-07-02', '1 JESUS 1 OFICINA', 'entrada'),
('SRB0000190884', 1, 'AAA00100896', 'CALLE TIJOLA 23 ESC1 3ºB', 4, 23, '2024-07-02', '', 'entrada'),
('SRB0000190885', 1, 'AAA00417853', 'CALLE TIJOLA 23 ESC1 4ºB', 4, 23, '2024-07-04', '', 'entrada'),
('SRB0000190886', 1, 'AAA1414472', 'CALE TIJOLA ESC2 BAJO F', 4, 23, '2024-01-04', NULL, 'entrada'),
('SRB0000190887', 1, 'AAA1414467', 'CALLE TIJOLA ESC2 2ºD', 4, 23, '2024-01-04', NULL, 'entrada'),
('SRB0000190888', 1, 'AAA1414458 / AAA1393080', 'CALLE TIJOLA ESC2 4ºC', 4, 23, '2024-01-04', NULL, 'entrada'),
('SRB0000190889', 1, 'AAA00097470', 'CALLE TIJOLA ESC3 2ºF', 4, 23, '2024-01-04', NULL, 'entrada'),
('SRB0000190890', 1, 'AAA00096698', 'CALLE TIJOLA ESC4 2ºB', 4, 23, '2024-01-04', '', 'entrada'),
('SRB0000190891', 1, 'AAA00096585', 'CALLE TIJOLA ESC4 1ºE', 4, 23, '2024-01-04', NULL, 'entrada'),
('SRB0000190893', 1, 'AAA1414456', 'CALLE TIJOLA ESC4 3ºD', 4, 23, '2024-01-04', NULL, 'entrada'),
('SRB0000192365', 10, 'AAA00023212', 'LAS HERRERIAS A PALOMARES 0 B1 (CUEVAS DEL ALMANZORA)', 21, 20, '2023-05-30', NULL, 'entrada'),
('SRB0000192689', 1, 'AAA1393037 / AAA00510427', 'CANTARERIAS 37, BJS 1ª', 70, 28, '2024-02-08', '', 'entrada'),
('SRB0000194537', 1, 'AAA00415879 / AAA00449234', 'CALLE COSLADA 1 BAJO 8', 54, 23, '2024-08-19', '', 'entrada'),
('SRB0000194538', 1, 'AAA00415901 / AAA00449306', 'CALLE COSLADA N 1º 13', 54, 4, '2024-08-19', '', 'salida'),
('SRB0000194544', 10, 'AAA00466732', 'LOCAL/OFICINA: 28 DE FEBRERO 24 2 BENAHADUX ALMERÍA', 12, 23, '2023-05-16', NULL, 'entrada'),
('SRB0000194557', 1, 'AAA1422240', 'RONDA RN MULHACEN 1, BL 1, PL 171 PTA 171', 71, 22, '2024-01-15', '', 'entrada'),
('SRB0000194558', 1, '194558', 'RN MULHACEN 114', 71, 22, '2023-11-27', NULL, 'entrada'),
('SRB0000194559', 1, '194559', 'RN MULHACEN 115', 71, 22, '2023-11-27', NULL, 'entrada'),
('SRB0000194560', 1, 'AAA1406046', 'RONDA RN MULHACEN 1, BL 1, PL 176 PTA 176', 71, 22, '2024-01-15', NULL, 'entrada'),
('SRB0000194561', 1, 'AAA1406051', 'RONDA RN MULHACEN 1, BL 1, PL 186 PTA 186', 71, 22, '2024-01-15', '', 'entrada'),
('SRB0000194562', 10, 'AAA00023886', 'RN MULHACEN BQ2 252', 71, 20, '2023-01-27', NULL, 'entrada'),
('SRB0000195076', 1, 'AAA1396603 / AAA1413521', 'CALLE JOSE GAOS 2 2', 31, 26, '2024-03-01', '', 'entrada'),
('SRB0000195077', 1, 'AAA1396597', 'CALLE JOSE GAOS 6', 31, 26, '2024-03-01', '', 'entrada'),
('SRB0000200206', 1, 'AAA00103831', 'Calle Olivo nº61 1º6', 32, 5, '2023-08-11', NULL, 'entrada'),
('SRB0000200361', 10, 'AAA00062745', 'CALLE REAL 45, 2', 17, 23, '2023-10-04', NULL, 'entrada'),
('SRB0000200375', 1, 'AAA00417854', 'CALLE TIJOLA 23 ESC1 1ºF', 4, 23, '2024-07-04', '', 'entrada'),
('SRB0000200377', 1, 'AAA1415103', 'CALLE TIJOLA ESC2 1ºB', 4, 23, '2024-01-04', NULL, 'entrada'),
('SRB0000200378', 1, 'AAA00417120 / AAA00448900', 'CALLE TIJOLA 23 2ºF', 4, 4, '2024-08-13', '', 'salida'),
('SRB0000200379', 1, 'AAA00096734', 'CALLE TIJOLA ESC3 1ºA', 4, 23, '2024-01-04', NULL, 'entrada'),
('SRB0000200380', 1, 'AAA00097500', 'CALLE TIJOLA ESC3 2ºA', 4, 23, '2024-01-04', NULL, 'entrada'),
('SRB0000200381', 1, 'AAA00096614', 'CALLE TIJOLA ESC3 3ºA', 4, 23, '2024-01-04', NULL, 'entrada'),
('SRB0000200382', 1, 'AAA00096684', 'CALLE TIJOLA ESC4 BAJO D', 4, 23, '2024-01-04', NULL, 'entrada'),
('SRB0000200383', 1, 'AAA1414460', 'CALLE TIJOLA ESC 4 3ºC', 4, 23, '2024-01-04', NULL, 'entrada'),
('SRB0000200384', 1, 'AAA00096736', 'CALLE TIJOLA ESC4 4ºG', 4, 23, '2024-01-04', NULL, 'entrada'),
('SRB0000200385', 10, 'AAA00097090', 'CL POETA JUAN BERBEL 6 A (ALBOX)', 4, 23, '2023-10-03', NULL, 'entrada'),
('SRB0000203935', 1, 'AAA00415898', 'CALLE COSLADA 1 1º 12', 54, 4, '2024-08-19', '', 'salida'),
('SRB0000203936', 1, 'AAA00415974', 'CALLE COSLADA 1 2º23', 54, 4, '2024-08-19', '10/09/2024 1 JUEGO, VICTOR COSTALMERIA', 'salida'),
('SRB0000203937', 1, 'AAA00415905', 'CALLE COSLADA 1 1º 16', 54, 23, '2024-08-19', '', 'entrada'),
('SRB0000203939', 1, 'AAA1413017', 'RONDA RN MULHACEN 1, BL 1, PL 152', 71, 22, '2024-02-23', '', 'entrada'),
('SRB0000203959', 1, 'AAA1393524', 'RONDA RN MULHACEN 1, BL 1, PL 152 PTA 152', 71, 22, '2024-01-15', NULL, 'entrada'),
('SRB0000203960', 1, 'AAA1422159', 'RONDA RN MULHACEN 1, BL 1, PL 164 PTA 164', 71, 22, '2024-01-15', '', 'entrada'),
('SRB0000203961', 1, 'AAA1406048', 'RONDA RN MULHACEN 1, BL 1, PL 183 PTA 183', 71, 22, '2024-01-15', NULL, 'entrada'),
('SRB0000203962', 1, '203962', 'RN MULHACEN', 71, 2, '2022-11-24', NULL, 'salida'),
('SRB0000203964', 10, 'AAA00023453 / AAA00096988', 'RN MULHACEN 1 251', 71, 20, '2023-03-20', NULL, 'entrada'),
('SRB0000203969', 1, 'AAA1422174', 'RN MULHACEN 1 312 VERA ALMERÍA', 71, 22, '2024-01-15', '', 'entrada'),
('SRB0000204329', 10, 'AAA00096496', 'PS MALECON DEL PR 182 Pt:01', 28, 22, '2023-04-11', NULL, 'entrada'),
('SRB0000204462', 1, 'AAA13965604', 'CALLE JOSE GAOS 5', 31, 23, '2024-03-01', 'VENDIDOS, NO FUNCIONAN INTERIOR', 'entrada'),
('SRB0000209627', 1, 'AAA00469981', 'CALLE TILUPAN 1 5', 12, 23, '2025-02-03', '', 'entrada'),
('SRB0000209628', 10, 'AAA00158462', 'CL TULIPAN 1 6 (04410 BENAHADUX)', 12, 23, '2023-05-29', NULL, 'entrada'),
('SRB0000209890', 1, 'AAA00503566', 'AVDA. RONDA Nº1', 40, 23, '2025-02-07', '', 'entrada'),
('SRB0000209895', 1, 'AAA00417222', 'CALLE TIJOLA 23 ESC1 1ºA', 4, 23, '2024-07-04', '', 'entrada'),
('SRB0000209896', 1, 'AAA1414462', 'CALLE TIJOLA ESC2 2ºC', 4, 23, '2024-01-04', NULL, 'entrada'),
('SRB0000209897', 1, 'AAA00096755', 'CALLE TIJOLA ESC3 BAJO F', 4, 23, '2024-01-04', NULL, 'entrada'),
('SRB0000209898', 1, 'AAA00097490', 'CSLLE TIJOLA ESC3 2ºB', 4, 23, '2024-01-04', NULL, 'entrada'),
('SRB0000209899', 1, 'AAA00097478', 'CALLE TIJOLA ESC3 2ºD', 4, 23, '2024-01-04', NULL, 'entrada'),
('SRB0000209900', 1, 'AAA00096692', 'CALLE TIJOLA ESC4 BAJO B', 4, 23, '2024-01-04', NULL, 'entrada'),
('SRB0000209901', 1, 'AAA00159121', 'CALLE TIJOLA ESC4 2ºE', 4, 23, '2024-01-04', NULL, 'entrada'),
('SRB0000213455', 1, 'AAA00415903 / AAA00448926', 'CALLE COSLADA 1 1º9', 54, 23, '2024-08-19', '', 'entrada'),
('SRB0000213470', 10, 'AAA00178916', 'RN MULHACEN BQ1 144', 71, 20, '2023-01-27', NULL, 'entrada'),
('SRB0000213471', 1, 'AAA1393461', 'RONDA RN MULHACEN 1, BL 1, PL 173 PTA 173', 71, 22, '2024-01-15', '', 'entrada'),
('SRB0000213472', 10, 'AAA00023695', 'RN MULHACEN BQ2 254', 71, 20, '2023-01-27', NULL, 'entrada'),
('SRB0000213475', 1, 'AAA1419367', 'RN MULHACEN 343', 71, 22, '2023-10-23', NULL, 'entrada'),
('SRB0000213992', 1, 'AAA1413362', 'JOSE GAOS 3 3', 31, 26, '2024-05-08', '', 'entrada'),
('SRB0000213993', 1, 'AAA00023097', 'CALLE JOSE GAOS BAJO 3', 31, 23, '2024-03-01', '', 'entrada'),
('SRB0000219346', 1, 'AAA00417278', 'CALLE TIJOLA 23 ESC1 BAJO D', 4, 4, '2024-07-04', '', 'salida'),
('SRB0000219347', 1, 'AAA00108182', 'CALLE TIJOLA 23 ESC1 1ºB', 4, 23, '2024-07-04', '', 'entrada'),
('SRB0000219348', 1, 'AAA1414465', 'CALLE TIJOLA ESC2 BAJO B', 4, 23, '2024-01-04', NULL, 'entrada'),
('SRB0000219349', 1, 'AAA00433367', 'CALLE TIJOLA 23 1ºD', 4, 23, '2024-09-25', '', 'entrada'),
('SRB0000219350', 1, 'AAA00416322', 'C/ TIJOLA 23 ESC2 3ºB', 4, 23, '2024-08-13', '', 'entrada'),
('SRB0000219351', 1, 'AAA00096758', 'CALLE TIJOLA ESC3 BAJO E', 4, 23, '2024-01-04', NULL, 'entrada'),
('SRB0000219353', 1, 'AAA00097475', 'CALLE TIJOLA ESC3 2ºE', 4, 23, '2024-01-04', NULL, 'entrada'),
('SRB0000219354', 1, 'AAA00096685', 'CALLE TIJOLA ESC4 BAJO C', 4, 23, '2024-01-04', NULL, 'entrada'),
('SRB0000219355', 1, 'AAA00096592', 'CALLE TIJOLA ESC4 1ºD', 4, 23, '2024-01-04', NULL, 'entrada'),
('SRB0000219356', 1, 'AAA00097465', 'CALLE TIJOLA ESC4 2ºA', 4, 23, '2024-01-04', NULL, 'entrada'),
('SRB0000219357', 1, 'AAA1414473', 'CALLE TIJOLA ESC4 4ºF', 4, 23, '2024-01-04', NULL, 'entrada'),
('SRB0000219652', 1, 'AAA00096718', 'CALLE TIJOLA ESC3 1ºC', 4, 23, '2024-01-04', NULL, 'entrada'),
('SRB0000809823', 10, 'AAA00181247', 'GARAGE VERASOL E 1 1', 71, 22, '2023-05-31', NULL, 'entrada'),
('SRB0001475710', 10, 'AAA00023082', 'HERRERIAS 0 B3 (CUEVAS DEL ALMANZORA)', 21, 20, '2023-05-30', NULL, 'entrada'),
('SRB0001475758', 10, 'AAA00023157 / AAA00023078 / AAA00023168', 'LAS HERRERIAS A PALOMARES-VI-A1', 21, 20, '2023-04-21', NULL, 'entrada'),
('SRB0001475761', 10, 'AAA00023394', 'HERRERIAS 0 A2 (CUEVAS DEL ALMANZORA)', 21, 20, '2023-05-30', NULL, 'entrada'),
('SRB0001475764', 10, 'AAA00023083', 'HERRERIAS 0 A3 (CUEVAS DEL ALMANZORA)', 21, 20, '2023-05-30', NULL, 'entrada'),
('SRB0001475767', 10, 'AAA00023124', 'LAS HERRERIAS A PALOMARES-VI-A4 0 A-4 (CUEVAS DEL ALMANZORA)', 21, 20, '2023-05-30', NULL, 'entrada'),
('SRB0001475770', 1, 'AAA00023131', 'LAS HERRERIAS A PALOMARES-VI-A5 0 A5 (CUEVAS DEL ALMANZORA)', 21, 20, '2023-06-29', NULL, 'entrada'),
('SRB0001475789', 10, 'AAA00023237', 'LAS HERRERIAS A PALOMARES-VI-A6 0 A-6 (CUEVAS DEL ALMANZORA)', 21, 20, '2023-05-30', NULL, 'entrada'),
('SRB0001475792', 10, 'AAA00023178', 'LAS HERRERIAS A PALOMARES-VI-A7 0 A7 (CUEVAS DEL ALMANZORA)', 21, 20, '2023-05-30', NULL, 'entrada'),
('SRB0004007986', 1, 'AAA00411899', 'POZO ESPARTO 164 0 9', 21, 22, '2024-08-01', '', 'entrada'),
('STK53028577', 1, NULL, 'C/ EMILIO GIMENEZ Nº 43 2º B', 21, 4, '2023-03-08', NULL, 'salida'),
('TWRE-01415', 7, NULL, 'LOTE LOCAL+2GARAJES: AVDA ALMERIA 32', 40, 23, '2025-02-11', NULL, 'entrada'),
('UE30000517', 2, NULL, 'C/ MOLINICO', 21, 20, '2022-08-16', 'VENDIDO', 'entrada'),
('VA-00152-0004', 11, '', 'GARAJE CALLE TENIS Nº7 SOTANO -2, PLAZA 45', 28, 26, '2024-01-24', '', 'entrada'),
('VA-00152-0005', 11, '', 'GARAJE CALLE TENIS Nº7 SOTANO -2, PLAZA 54', 28, 26, '2025-01-24', '', 'entrada'),
('VENDIDOS, NO FUNCIONAN INTERIOR', 7, 'HIP4922461 / 4939601', 'CALLE MENGEMOR 74 1º9', 45, 26, '2024-01-25', 'PROPIAS', 'entrada'),
('XC00523927', 5, NULL, 'CALLE HISPANIDAD', 28, 22, '2024-01-16', NULL, 'entrada'),
('XC05155182', 5, '', 'DESCONOCIDO', 53, 23, '2024-02-16', '', 'entrada'),
('XC08616606', 5, '', 'LA HISPANIDAD Nº8 BAJO B', 46, 23, '2024-03-01', '', 'entrada'),
('XC19339878', 5, '2 COPIAS', 'CALLE ROSALES 15 BAJO 1', 24, 26, '2024-02-09', '', 'entrada'),
('XC26737737', 5, 'XC26737737', 'CALLE CONVENTO Nº1, -1 PT 7', 21, 22, '2024-06-19', '1 COPIA EN PROPIEDAD', 'entrada');

--
-- Disparadores `llaves`
--
DELIMITER $$
CREATE TRIGGER `actualizar_estado_llave` BEFORE UPDATE ON `llaves` FOR EACH ROW BEGIN
    DECLARE tipo_ubicacion VARCHAR(10);  -- Almacena 'INTERNO' o 'EXTERNO'

    -- Obtener el tipo de ubicación actual (sin importar si cambió id_ubicacion)
    SELECT u.tipo INTO tipo_ubicacion
    FROM ubicacion u
    WHERE u.id_ubicacion = NEW.id_ubicacion;

    -- Actualizar estado según el tipo de ubicación
    IF tipo_ubicacion = 'INTERNO' THEN
        SET NEW.estado = 'ENTRADA';
    ELSEIF tipo_ubicacion = 'EXTERNO' THEN
        SET NEW.estado = 'SALIDA';
    END IF;
END
$$
DELIMITER ;
DELIMITER $$
CREATE TRIGGER `asignar_estado_llave_insert` BEFORE INSERT ON `llaves` FOR EACH ROW BEGIN
    DECLARE tipo_ubicacion VARCHAR(10);

    SELECT u.tipo INTO tipo_ubicacion
    FROM ubicacion u
    WHERE u.id_ubicacion = NEW.id_ubicacion;

    IF tipo_ubicacion = 'INTERNO' THEN
        SET NEW.estado = 'ENTRADA';
    ELSE
        SET NEW.estado = 'SALIDA';
    END IF;
END
$$
DELIMITER ;

-- --------------------------------------------------------

--
-- Estructura de tabla para la tabla `movimientos_llaves`
--

CREATE TABLE `movimientos_llaves` (
  `id_movimiento` int(11) NOT NULL,
  `codigo_principal` varchar(200) NOT NULL,
  `id_propietario` int(11) NOT NULL,
  `id_ubicacion` int(11) NOT NULL,
  `tipo_movimiento` enum('entrada','salida') NOT NULL,
  `fecha` datetime DEFAULT current_timestamp(),
  `fichero` varchar(255) DEFAULT NULL,
  `id_usuario` int(11) NOT NULL
) ENGINE=InnoDB DEFAULT CHARSET=utf8mb4 COLLATE=utf8mb4_general_ci;

--
-- Volcado de datos para la tabla `movimientos_llaves`
--

INSERT INTO `movimientos_llaves` (`id_movimiento`, `codigo_principal`, `id_propietario`, `id_ubicacion`, `tipo_movimiento`, `fecha`, `fichero`, `id_usuario`) VALUES
(5, '6082757 / 56772', 6, 12, 'salida', '2024-09-27 00:00:00', NULL, 2),
(6, '6983724 / C6-07682-0001', 6, 26, 'entrada', '2024-06-20 00:00:00', NULL, 2),
(7, 'CAN0000197428', 1, 28, 'entrada', '2024-12-24 00:00:00', NULL, 2),
(8, 'CAN0000197424', 1, 28, 'entrada', '2024-12-24 00:00:00', NULL, 2),
(9, 'SRB0000024307', 1, 26, 'entrada', '2024-01-26 00:00:00', NULL, 2),
(10, 'SRB0000166165', 1, 22, 'entrada', '2024-01-24 00:00:00', NULL, 2),
(11, 'SRB0000185040', 1, 22, 'entrada', '2024-02-23 00:00:00', NULL, 2),
(12, 'SRB0000147501', 1, 22, 'entrada', '2024-02-23 00:00:00', NULL, 2),
(13, 'SRB0000156846', 1, 22, 'entrada', '2024-02-23 00:00:00', NULL, 2),
(14, 'SRB0000203960', 1, 22, 'entrada', '2024-02-23 00:00:00', NULL, 2),
(15, 'SRB0000194557', 1, 22, 'entrada', '2024-02-23 00:00:00', NULL, 2),
(16, 'SRB0000166156', 1, 22, 'entrada', '2024-02-23 00:00:00', NULL, 2),
(17, 'SRB0000213471', 1, 22, 'entrada', '2024-02-23 00:00:00', NULL, 2),
(18, 'SRB0000194561', 1, 22, 'entrada', '2024-02-23 00:00:00', NULL, 2),
(19, 'SRB0000203969', 1, 22, 'entrada', '2024-02-23 00:00:00', NULL, 2),
(20, 'SRB0000175504', 1, 22, 'entrada', '2024-02-23 00:00:00', NULL, 2),
(21, 'SRB0000203937', 1, 23, 'entrada', '2024-12-21 00:00:00', NULL, 2),
(22, 'CJ-00505-0013', 11, 28, 'entrada', '2025-05-06 00:00:00', NULL, 2),
(23, 'SRB0000190890', 1, 23, 'entrada', '2024-01-04 15:34:00', '', 2);

--
-- Disparadores `movimientos_llaves`
--
DELIMITER $$
CREATE TRIGGER `actualizar_tipo_movimiento` BEFORE INSERT ON `movimientos_llaves` FOR EACH ROW BEGIN
    DECLARE tipo_ubicacion ENUM('INTERNO', 'EXTERNO');

    -- Obtener el tipo de la ubicación asociada
    SELECT tipo INTO tipo_ubicacion FROM ubicacion WHERE id_ubicacion = NEW.id_ubicacion;

    -- Asignar automáticamente 'entrada' o 'salida'
    IF tipo_ubicacion = 'INTERNO' THEN
        SET NEW.tipo_movimiento = 'entrada';
    ELSE
        SET NEW.tipo_movimiento = 'salida';
    END IF;
END
$$
DELIMITER ;

-- --------------------------------------------------------

--
-- Estructura de tabla para la tabla `poblacion`
--

CREATE TABLE `poblacion` (
  `id_poblacion` int(11) NOT NULL,
  `nombre_poblacion` varchar(255) NOT NULL
) ENGINE=InnoDB DEFAULT CHARSET=utf8mb4 COLLATE=utf8mb4_general_ci;

--
-- Volcado de datos para la tabla `poblacion`
--

INSERT INTO `poblacion` (`id_poblacion`, `nombre_poblacion`) VALUES
(1, 'ABRUCENA'),
(2, 'AGUILAS'),
(3, 'ALBANCHEZ'),
(4, 'ALBOX'),
(5, 'ALCONTAR'),
(6, 'ALHABIA'),
(7, 'ALHAMA DE ALMERIA'),
(8, 'ALMERIA'),
(9, 'ANTAS'),
(10, 'ARBOLEAS'),
(11, 'ARMUÑA DE ALMANZORA'),
(12, 'BENAHADUX'),
(13, 'BENIZALON'),
(14, 'BERJA'),
(15, 'CANJAYAR'),
(16, 'CANTORIA'),
(17, 'CARBONERAS'),
(18, 'CHERCOS'),
(19, 'CHIRIVEL'),
(20, 'COBDAR'),
(21, 'CUEVAS DEL ALMANZORA'),
(22, 'DALIAS'),
(23, 'EL EJIDO'),
(24, 'FINES'),
(25, 'FIÑANA'),
(26, 'FONDON'),
(27, 'GADOR'),
(28, 'GARRUCHA'),
(29, 'GERGAL'),
(30, 'HIJATE'),
(31, 'HUERCAL DE ALMERIA'),
(32, 'HUERCAL OVERA'),
(33, 'ILLAR'),
(34, 'LIJAR'),
(35, 'LORCA'),
(36, 'LOS GALLARDOS'),
(37, 'LUBRIN'),
(38, 'LUCAINENA DE LAS TORRES'),
(39, 'LUCAR'),
(40, 'MACAEL'),
(41, 'MARIA'),
(42, 'MOJACAR'),
(43, 'NACIMIENTO'),
(44, 'NIJAR'),
(45, 'OHANES'),
(46, 'OLULA DEL RIO'),
(47, 'ORIA'),
(48, 'PALOMARES'),
(49, 'PARTALOA'),
(50, 'PUERTO LUMBRERAS'),
(51, 'PULPI'),
(52, 'PURCHENA'),
(53, 'RIOJA'),
(54, 'ROQUETAS DE MAR'),
(55, 'SENES'),
(56, 'SERÓN'),
(57, 'SOMONTIN'),
(58, 'SORBAS'),
(59, 'SUFLI'),
(60, 'TABERNAS'),
(61, 'TARRAGONA'),
(62, 'TERQUE'),
(63, 'TERREROS'),
(64, 'TIJOLA'),
(65, 'TRES VILLAS'),
(66, 'TURRE'),
(67, 'ULEILA DEL CAMPO'),
(68, 'URRACAL'),
(69, 'VELEZ-BLANCO'),
(70, 'VELEZ RUBIO'),
(71, 'VERA'),
(72, 'VIATOR'),
(73, 'VICAR'),
(74, 'VILLARICOS'),
(75, 'ZURGENA');

-- --------------------------------------------------------

--
-- Estructura de tabla para la tabla `propietario`
--

CREATE TABLE `propietario` (
  `id_propietario` int(11) NOT NULL,
  `nombre_propietario` varchar(255) NOT NULL
) ENGINE=InnoDB DEFAULT CHARSET=utf8mb4 COLLATE=utf8mb4_general_ci;

--
-- Volcado de datos para la tabla `propietario`
--

INSERT INTO `propietario` (`id_propietario`, `nombre_propietario`) VALUES
(1, 'ALISEDA'),
(2, 'ALTAMIRA'),
(3, 'CAJAMAR'),
(4, 'DIGLO'),
(5, 'GESCOBRO'),
(6, 'HAYA / SOLVIA'),
(7, 'HIPOGEST'),
(8, 'IDP'),
(9, 'PARTICULAR'),
(10, 'SAREB'),
(11, 'SOLVIA');

-- --------------------------------------------------------

--
-- Estructura de tabla para la tabla `ubicacion`
--

CREATE TABLE `ubicacion` (
  `id_ubicacion` int(11) NOT NULL,
  `nombre_ubicacion` varchar(255) NOT NULL,
  `tipo` enum('INTERNO','EXTERNO') DEFAULT 'INTERNO'
) ENGINE=InnoDB DEFAULT CHARSET=utf8mb4 COLLATE=utf8mb4_general_ci;

--
-- Volcado de datos para la tabla `ubicacion`
--

INSERT INTO `ubicacion` (`id_ubicacion`, `nombre_ubicacion`, `tipo`) VALUES
(1, 'ABELLAN', 'EXTERNO'),
(2, 'AGUSTINA', 'EXTERNO'),
(3, 'CONSTRUCCIONES BLANQUIS 639100734 PAULA', 'EXTERNO'),
(4, 'CUSTODIO', 'EXTERNO'),
(5, 'DAVID', 'INTERNO'),
(6, 'FRAN (PAMPO)', 'INTERNO'),
(7, 'FRANQUICIA SOLVIA GARRUCHA', 'EXTERNO'),
(8, 'GINÉS', 'EXTERNO'),
(9, 'GLORIA', 'INTERNO'),
(10, 'INMO ALFACUEVAS', 'EXTERNO'),
(11, 'INMO BALLESTA', 'EXTERNO'),
(12, 'INMO CCI', 'EXTERNO'),
(13, 'INMO DURAN', 'EXTERNO'),
(14, 'INMO GRALUSA', 'EXTERNO'),
(15, 'INMO INDALHOME', 'EXTERNO'),
(16, 'INMO SEGUNDO', 'EXTERNO'),
(17, 'INMO VB INRESTMET', 'EXTERNO'),
(18, 'INMO VERASUR', 'EXTERNO'),
(19, 'INMO VOSS HOME', 'EXTERNO'),
(20, 'ISA', 'INTERNO'),
(21, 'JAVIER', 'INTERNO'),
(22, 'JESUS', 'INTERNO'),
(23, 'JUAN LUIS ', 'INTERNO'),
(24, 'LUIS INTERGABAL', 'EXTERNO'),
(25, 'MARÍA', 'INTERNO'),
(26, 'OFICINA', 'INTERNO'),
(27, 'OFICINA CAJAMAR ', 'EXTERNO'),
(28, 'PACO', 'INTERNO'),
(29, 'PEDRO', 'INTERNO'),
(30, 'PEDRO SECURITAS', 'EXTERNO'),
(31, 'PEDRO SOTO  ', 'EXTERNO'),
(32, 'PILOTO CALAS', 'EXTERNO'),
(33, 'SOPHIA 602878358', 'EXTERNO'),
(34, 'VALOIS', 'EXTERNO'),
(35, 'VENDIDO', 'EXTERNO'),
(36, 'POR DEFINIR', 'INTERNO');

-- --------------------------------------------------------

--
-- Estructura de tabla para la tabla `usuarios`
--

CREATE TABLE `usuarios` (
  `id` int(11) NOT NULL,
  `nombre` varchar(255) NOT NULL,
  `contrasena` varchar(255) NOT NULL,
  `rol` enum('admin','usuario') NOT NULL DEFAULT 'usuario'
) ENGINE=InnoDB DEFAULT CHARSET=utf8mb4 COLLATE=utf8mb4_general_ci;

--
-- Volcado de datos para la tabla `usuarios`
--

INSERT INTO `usuarios` (`id`, `nombre`, `contrasena`, `rol`) VALUES
(2, 'admin', '$2y$10$XYtS4/OSYptC7OGvLpQm5Oom6WwnJWwGt/qiT1MQsPNmmqPVD1Tb6', 'admin'),
(3, 'user1', '$2y$10$BXu8nv7Yao31xjD.dOuhBeGJcQNL0vjaqA84Z5UvECnQTcH3Vp8eK', 'usuario'),
(4, 'user2', '$2y$10$ZbuSultHEtxVjb7dji7WY.dXm7P2luxeqEzNzaEbfUmR6uaUQZJMC', 'usuario'),
(5, 'user3', '$2y$10$0bQJRzx0bYAazt3KWKcoSePLoBXpt/z2hH9i0E8zvllRDKHY0Oedq', 'admin'),
(6, 'user4', '$2y$10$Hxxt0dwN9LS5yFTXpWb4tutnMvNf3gzMrTQJ2l9JWxwKy/Jrr.A.6', 'usuario');

--
-- Índices para tablas volcadas
--

--
-- Indices de la tabla `firmas_llaves`
--
ALTER TABLE `firmas_llaves`
  ADD PRIMARY KEY (`id_firma`),
  ADD KEY `id_movimiento` (`id_movimiento`),
  ADD KEY `subido_por` (`subido_por`);

--
-- Indices de la tabla `llaves`
--
ALTER TABLE `llaves`
  ADD PRIMARY KEY (`codigo_principal`,`id_propietario`),
  ADD KEY `id_propietario` (`id_propietario`),
  ADD KEY `id_poblacion` (`id_poblacion`),
  ADD KEY `id_ubicacion` (`id_ubicacion`);

--
-- Indices de la tabla `movimientos_llaves`
--
ALTER TABLE `movimientos_llaves`
  ADD PRIMARY KEY (`id_movimiento`),
  ADD UNIQUE KEY `codigo_principal` (`codigo_principal`,`id_propietario`,`fecha`),
  ADD KEY `id_ubicacion` (`id_ubicacion`),
  ADD KEY `id_usuario` (`id_usuario`);

--
-- Indices de la tabla `poblacion`
--
ALTER TABLE `poblacion`
  ADD PRIMARY KEY (`id_poblacion`);

--
-- Indices de la tabla `propietario`
--
ALTER TABLE `propietario`
  ADD PRIMARY KEY (`id_propietario`);

--
-- Indices de la tabla `ubicacion`
--
ALTER TABLE `ubicacion`
  ADD PRIMARY KEY (`id_ubicacion`);

--
-- Indices de la tabla `usuarios`
--
ALTER TABLE `usuarios`
  ADD PRIMARY KEY (`id`),
  ADD KEY `idx_usuarios` (`id`);

--
-- AUTO_INCREMENT de las tablas volcadas
--

--
-- AUTO_INCREMENT de la tabla `firmas_llaves`
--
ALTER TABLE `firmas_llaves`
  MODIFY `id_firma` int(11) NOT NULL AUTO_INCREMENT, AUTO_INCREMENT=12;

--
-- AUTO_INCREMENT de la tabla `movimientos_llaves`
--
ALTER TABLE `movimientos_llaves`
  MODIFY `id_movimiento` int(11) NOT NULL AUTO_INCREMENT, AUTO_INCREMENT=24;

--
-- AUTO_INCREMENT de la tabla `poblacion`
--
ALTER TABLE `poblacion`
  MODIFY `id_poblacion` int(11) NOT NULL AUTO_INCREMENT, AUTO_INCREMENT=76;

--
-- AUTO_INCREMENT de la tabla `propietario`
--
ALTER TABLE `propietario`
  MODIFY `id_propietario` int(11) NOT NULL AUTO_INCREMENT, AUTO_INCREMENT=12;

--
-- AUTO_INCREMENT de la tabla `ubicacion`
--
ALTER TABLE `ubicacion`
  MODIFY `id_ubicacion` int(11) NOT NULL AUTO_INCREMENT, AUTO_INCREMENT=38;

--
-- AUTO_INCREMENT de la tabla `usuarios`
--
ALTER TABLE `usuarios`
  MODIFY `id` int(11) NOT NULL AUTO_INCREMENT, AUTO_INCREMENT=9;

--
-- Restricciones para tablas volcadas
--

--
-- Filtros para la tabla `firmas_llaves`
--
ALTER TABLE `firmas_llaves`
  ADD CONSTRAINT `firmas_llaves_ibfk_1` FOREIGN KEY (`id_movimiento`) REFERENCES `movimientos_llaves` (`id_movimiento`),
  ADD CONSTRAINT `firmas_llaves_ibfk_2` FOREIGN KEY (`subido_por`) REFERENCES `usuarios` (`id`);

--
-- Filtros para la tabla `llaves`
--
ALTER TABLE `llaves`
  ADD CONSTRAINT `llaves_ibfk_1` FOREIGN KEY (`id_propietario`) REFERENCES `propietario` (`id_propietario`),
  ADD CONSTRAINT `llaves_ibfk_2` FOREIGN KEY (`id_poblacion`) REFERENCES `poblacion` (`id_poblacion`),
  ADD CONSTRAINT `llaves_ibfk_3` FOREIGN KEY (`id_ubicacion`) REFERENCES `ubicacion` (`id_ubicacion`);

--
-- Filtros para la tabla `movimientos_llaves`
--
ALTER TABLE `movimientos_llaves`
  ADD CONSTRAINT `movimientos_llaves_ibfk_1` FOREIGN KEY (`codigo_principal`,`id_propietario`) REFERENCES `llaves` (`codigo_principal`, `id_propietario`) ON DELETE CASCADE,
  ADD CONSTRAINT `movimientos_llaves_ibfk_2` FOREIGN KEY (`id_ubicacion`) REFERENCES `ubicacion` (`id_ubicacion`),
  ADD CONSTRAINT `movimientos_llaves_ibfk_3` FOREIGN KEY (`id_usuario`) REFERENCES `usuarios` (`id`);
COMMIT;

/*!40101 SET CHARACTER_SET_CLIENT=@OLD_CHARACTER_SET_CLIENT */;
/*!40101 SET CHARACTER_SET_RESULTS=@OLD_CHARACTER_SET_RESULTS */;
/*!40101 SET COLLATION_CONNECTION=@OLD_COLLATION_CONNECTION */;
